ticket_id,channel,customer_message,sentiment_label,word_count,urgent_flag,text_length,cleaned_text
TKT00001,chat,I need information about the payment process. My ticket number is 78732. Please respond as soon as possible.,neutral,18,1,18,i need information about the payment process my ticket number is  please respond as soon as possible
TKT00002,phone,I need information about the payment process.,neutral,7,0,7,i need information about the payment process
TKT00003,email,The refund process was fast and convenient. I appreciate the quick response.,positive,12,0,12,the refund process was fast and convenient i appreciate the quick response
TKT00004,social,My refund is still pending and this experience is frustrating. My ticket number is 33927.,negative,15,1,15,my refund is still pending and this experience is frustrating my ticket number is 
TKT00005,chat,Please tell me how to update my account details.,neutral,9,0,9,please tell me how to update my account details
TKT00006,social,I need help finding the invoice for my last order. Please respond as soon as possible.,neutral,16,1,16,i need help finding the invoice for my last order please respond as soon as possible
TKT00007,chat,I am satisfied with the plan and would recommend it to others. My ticket number is 99198.,positive,17,0,17,i am satisfied with the plan and would recommend it to others my ticket number is 
TKT00008,chat,I want to understand the warranty terms for this product.,neutral,10,0,10,i want to understand the warranty terms for this product
TKT00009,phone,I need help finding the invoice for my last order.,neutral,10,0,10,i need help finding the invoice for my last order
TKT00010,phone,My refund is still pending and this experience is frustrating.,negative,10,0,10,my refund is still pending and this experience is frustrating
TKT00011,phone,Great service and clear communication from the support team.,positive,9,0,9,great service and clear communication from the support team
TKT00012,social,I like the new video call and it is easy to use. I appreciate the quick response.,positive,17,0,17,i like the new video call and it is easy to use i appreciate the quick response
TKT00013,social,Your support team resolved my issue quickly. Thank you. I appreciate the quick response.,positive,14,0,14,your support team resolved my issue quickly thank you i appreciate the quick response
TKT00014,phone,I am satisfied with the plan and would recommend it to others. My ticket number is 57739. I appreciate the quick response.,positive,22,0,22,i am satisfied with the plan and would recommend it to others my ticket number is  i appreciate the quick response
TKT00015,chat,I have raised multiple tickets but nobody has fixed the problem. Please respond as soon as possible.,negative,17,1,17,i have raised multiple tickets but nobody has fixed the problem please respond as soon as possible
TKT00016,email,I am satisfied with the plan and would recommend it to others.,positive,12,0,12,i am satisfied with the plan and would recommend it to others
TKT00017,email,Billing is incorrect and I was charged twice this month. My ticket number is 91365.,negative,15,0,15,billing is incorrect and i was charged twice this month my ticket number is 
TKT00018,email,The subscription keeps failing and support has not resolved my issue.,negative,11,0,11,the subscription keeps failing and support has not resolved my issue
TKT00019,app,Can someone explain the difference between the plans? Please respond as soon as possible.,neutral,14,1,14,can someone explain the difference between the plans please respond as soon as possible
TKT00020,chat,The app crashes whenever I try to use video call.,negative,10,1,10,the app crashes whenever i try to use video call
TKT00021,social,I am satisfied with the plan and would recommend it to others.,positive,12,0,12,i am satisfied with the plan and would recommend it to others
TKT00022,phone,I am checking if there is any scheduled maintenance today. Please respond as soon as possible.,neutral,16,1,16,i am checking if there is any scheduled maintenance today please respond as soon as possible
TKT00023,social,Can you confirm whether my ticket has been assigned?,neutral,9,0,9,can you confirm whether my ticket has been assigned
TKT00024,app,My refund is still pending and this experience is frustrating.,negative,10,0,10,my refund is still pending and this experience is frustrating
TKT00025,chat,The mobile app is working well and I am happy with the service. My ticket number is 50218.,positive,18,0,18,the mobile app is working well and i am happy with the service my ticket number is 
TKT00026,email,I need information about the payment process.,neutral,7,0,7,i need information about the payment process
TKT00027,social,I am satisfied with the plan and would recommend it to others.,positive,12,0,12,i am satisfied with the plan and would recommend it to others
TKT00028,social,Billing is incorrect and I was charged twice this month. My ticket number is 78132.,negative,15,1,15,billing is incorrect and i was charged twice this month my ticket number is 
TKT00029,app,I am checking if there is any scheduled maintenance today.,neutral,10,0,10,i am checking if there is any scheduled maintenance today
TKT00030,chat,The response from the team was helpful and professional. My ticket number is 77543.,positive,14,0,14,the response from the team was helpful and professional my ticket number is 
TKT00031,email,The response from the team was helpful and professional. My ticket number is 32658.,positive,14,0,14,the response from the team was helpful and professional my ticket number is 
TKT00032,email,I like the new tracking and it is easy to use.,positive,11,0,11,i like the new tracking and it is easy to use
TKT00033,social,I need help finding the invoice for my last order.,neutral,10,0,10,i need help finding the invoice for my last order
TKT00034,chat,I have raised multiple tickets but nobody has fixed the problem.,negative,11,1,11,i have raised multiple tickets but nobody has fixed the problem
TKT00035,app,The refund process was fast and convenient.,positive,7,0,7,the refund process was fast and convenient
TKT00036,email,Can you confirm whether my ticket has been assigned? My ticket number is 30284.,neutral,14,0,14,can you confirm whether my ticket has been assigned my ticket number is 
TKT00037,app,The product quality is bad and I regret purchasing it.,negative,10,0,10,the product quality is bad and i regret purchasing it
TKT00038,chat,I want to cancel because the service quality is poor and unreliable. My ticket number is 69921.,negative,17,1,17,i want to cancel because the service quality is poor and unreliable my ticket number is 
TKT00039,social,The installation was completed on time and everything works perfectly. My ticket number is 30341.,positive,15,0,15,the installation was completed on time and everything works perfectly my ticket number is 
TKT00040,social,I like the new tracking and it is easy to use.,positive,11,0,11,i like the new tracking and it is easy to use
TKT00041,chat,I have raised multiple tickets but nobody has fixed the problem.,negative,11,1,11,i have raised multiple tickets but nobody has fixed the problem
TKT00042,email,Great service and clear communication from the support team.,positive,9,0,9,great service and clear communication from the support team
TKT00043,email,I am checking if there is any scheduled maintenance today.,neutral,10,0,10,i am checking if there is any scheduled maintenance today
TKT00044,app,Can you confirm whether my ticket has been assigned? Please respond as soon as possible.,neutral,15,1,15,can you confirm whether my ticket has been assigned please respond as soon as possible
TKT00045,chat,I need help finding the invoice for my last order.,neutral,10,0,10,i need help finding the invoice for my last order
TKT00046,social,The delivery was late and the package arrived damaged. My ticket number is 52844. Please respond as soon as possible.,negative,20,1,20,the delivery was late and the package arrived damaged my ticket number is  please respond as soon as possible
TKT00047,email,Great service and clear communication from the support team. My ticket number is 98502.,positive,14,0,14,great service and clear communication from the support team my ticket number is 
TKT00048,social,The app crashes whenever I try to use login. My ticket number is 14935.,negative,14,1,14,the app crashes whenever i try to use login my ticket number is 
TKT00049,phone,I am checking if there is any scheduled maintenance today.,neutral,10,0,10,i am checking if there is any scheduled maintenance today
TKT00050,email,I want to understand the warranty terms for this product. Please respond as soon as possible.,neutral,16,1,16,i want to understand the warranty terms for this product please respond as soon as possible
TKT00051,social,I have raised multiple tickets but nobody has fixed the problem.,negative,11,0,11,i have raised multiple tickets but nobody has fixed the problem
TKT00052,email,The internet speed is slow and customer care is not helping.,negative,11,0,11,the internet speed is slow and customer care is not helping
TKT00053,social,I want to cancel because the service quality is poor and unreliable. My ticket number is 36062.,negative,17,0,17,i want to cancel because the service quality is poor and unreliable my ticket number is 
TKT00054,social,The product quality is bad and I regret purchasing it.,negative,10,1,10,the product quality is bad and i regret purchasing it
TKT00055,email,I need help finding the invoice for my last order. My ticket number is 29782.,neutral,15,0,15,i need help finding the invoice for my last order my ticket number is 
TKT00056,email,The service plan keeps failing and support has not resolved my issue. Please respond as soon as possible.,negative,18,1,18,the service plan keeps failing and support has not resolved my issue please respond as soon as possible
TKT00057,chat,I would like to know more about the available plans. Please respond as soon as possible.,neutral,16,1,16,i would like to know more about the available plans please respond as soon as possible
TKT00058,app,The product quality is bad and I regret purchasing it.,negative,10,0,10,the product quality is bad and i regret purchasing it
TKT00059,phone,I like the new login and it is easy to use.,positive,11,0,11,i like the new login and it is easy to use
TKT00060,phone,I am very unhappy because my mobile app has not worked since three days ago. Please respond as soon as possible.,negative,21,1,21,i am very unhappy because my mobile app has not worked since three days ago please respond as soon as possible
TKT00061,phone,The account keeps failing and support has not resolved my issue.,negative,11,1,11,the account keeps failing and support has not resolved my issue
TKT00062,email,The installation was completed on time and everything works perfectly.,positive,10,0,10,the installation was completed on time and everything works perfectly
TKT00063,email,The installation was completed on time and everything works perfectly.,positive,10,0,10,the installation was completed on time and everything works perfectly
TKT00064,email,The insurance policy is working well and I am happy with the service.,positive,13,0,13,the insurance policy is working well and i am happy with the service
TKT00065,social,I like the new payment and it is easy to use. My ticket number is 65556.,positive,16,0,16,i like the new payment and it is easy to use my ticket number is 
TKT00066,chat,The app crashes whenever I try to use analytics. My ticket number is 13544.,negative,14,1,14,the app crashes whenever i try to use analytics my ticket number is 
TKT00067,chat,The internet speed is slow and customer care is not helping. Please respond as soon as possible.,negative,17,1,17,the internet speed is slow and customer care is not helping please respond as soon as possible
TKT00068,email,Can you confirm whether my ticket has been assigned?,neutral,9,0,9,can you confirm whether my ticket has been assigned
TKT00069,email,I need help finding the invoice for my last order. My ticket number is 46883.,neutral,15,0,15,i need help finding the invoice for my last order my ticket number is 
TKT00070,email,I have raised multiple tickets but nobody has fixed the problem.,negative,11,1,11,i have raised multiple tickets but nobody has fixed the problem
TKT00071,app,The product quality is bad and I regret purchasing it.,negative,10,0,10,the product quality is bad and i regret purchasing it
TKT00072,phone,The response from the team was helpful and professional.,positive,9,0,9,the response from the team was helpful and professional
TKT00073,phone,Please provide the steps to activate video call. Please respond as soon as possible.,neutral,14,1,14,please provide the steps to activate video call please respond as soon as possible
TKT00074,social,Can you share the status of my router request? My ticket number is 25533.,neutral,14,0,14,can you share the status of my router request my ticket number is 
TKT00075,email,The delivery was late and the package arrived damaged. My ticket number is 68894.,negative,14,0,14,the delivery was late and the package arrived damaged my ticket number is 
TKT00076,email,Please provide the steps to activate login. My ticket number is 97843.,neutral,12,0,12,please provide the steps to activate login my ticket number is 
TKT00077,email,I am very unhappy because my router has not worked since yesterday. Please respond as soon as possible.,negative,18,1,18,i am very unhappy because my router has not worked since yesterday please respond as soon as possible
TKT00078,email,I would like to know more about the available plans.,neutral,10,0,10,i would like to know more about the available plans
TKT00079,chat,The response from the team was helpful and professional. My ticket number is 62509. I appreciate the quick response.,positive,19,0,19,the response from the team was helpful and professional my ticket number is  i appreciate the quick response
TKT00080,app,The product quality is bad and I regret purchasing it.,negative,10,1,10,the product quality is bad and i regret purchasing it
TKT00081,chat,The installation was completed on time and everything works perfectly. My ticket number is 83565. I appreciate the quick response.,positive,20,0,20,the installation was completed on time and everything works perfectly my ticket number is  i appreciate the quick response
TKT00082,app,I like the new tracking and it is easy to use.,positive,11,0,11,i like the new tracking and it is easy to use
TKT00083,app,Please tell me how to update my account details. My ticket number is 41529.,neutral,14,0,14,please tell me how to update my account details my ticket number is 
TKT00084,social,I am very unhappy because my account has not worked since this morning.,negative,13,1,13,i am very unhappy because my account has not worked since this morning
TKT00085,phone,The router keeps failing and support has not resolved my issue.,negative,11,1,11,the router keeps failing and support has not resolved my issue
TKT00086,phone,I have raised multiple tickets but nobody has fixed the problem.,negative,11,0,11,i have raised multiple tickets but nobody has fixed the problem
TKT00087,social,I want to understand the warranty terms for this product. Please respond as soon as possible.,neutral,16,1,16,i want to understand the warranty terms for this product please respond as soon as possible
TKT00088,app,Can you share the status of my account request?,neutral,9,0,9,can you share the status of my account request
TKT00089,app,I would like to know more about the available plans. Please respond as soon as possible.,neutral,16,1,16,i would like to know more about the available plans please respond as soon as possible
TKT00090,chat,Can someone explain the difference between the plans?,neutral,8,0,8,can someone explain the difference between the plans
TKT00091,phone,I have raised multiple tickets but nobody has fixed the problem.,negative,11,0,11,i have raised multiple tickets but nobody has fixed the problem
TKT00092,phone,I need information about the payment process. Please respond as soon as possible.,neutral,13,1,13,i need information about the payment process please respond as soon as possible
TKT00093,social,Billing is incorrect and I was charged twice this month.,negative,10,0,10,billing is incorrect and i was charged twice this month
TKT00094,email,Your support team resolved my issue quickly. Thank you.,positive,9,0,9,your support team resolved my issue quickly thank you
TKT00095,social,Can you confirm whether my ticket has been assigned?,neutral,9,0,9,can you confirm whether my ticket has been assigned
TKT00096,social,I need help finding the invoice for my last order. My ticket number is 68255.,neutral,15,0,15,i need help finding the invoice for my last order my ticket number is 
TKT00097,phone,I need help finding the invoice for my last order.,neutral,10,0,10,i need help finding the invoice for my last order
TKT00098,chat,I want to cancel because the service quality is poor and unreliable.,negative,12,0,12,i want to cancel because the service quality is poor and unreliable
TKT00099,email,I am checking if there is any scheduled maintenance today. Please respond as soon as possible.,neutral,16,1,16,i am checking if there is any scheduled maintenance today please respond as soon as possible
TKT00100,chat,I am very unhappy because my dashboard has not worked since three days ago. Please respond as soon as possible.,negative,20,1,20,i am very unhappy because my dashboard has not worked since three days ago please respond as soon as possible
TKT00101,email,The refund process was fast and convenient.,positive,7,0,7,the refund process was fast and convenient
TKT00102,social,Great service and clear communication from the support team.,positive,9,0,9,great service and clear communication from the support team
TKT00103,email,Billing is incorrect and I was charged twice this month. My ticket number is 56483.,negative,15,1,15,billing is incorrect and i was charged twice this month my ticket number is 
TKT00104,chat,The refund process was fast and convenient. My ticket number is 82331.,positive,12,0,12,the refund process was fast and convenient my ticket number is 
TKT00105,app,Can someone explain the difference between the plans?,neutral,8,0,8,can someone explain the difference between the plans
TKT00106,phone,Please provide the steps to activate analytics.,neutral,7,0,7,please provide the steps to activate analytics
TKT00107,phone,The refund process was fast and convenient.,positive,7,0,7,the refund process was fast and convenient
TKT00108,app,Can you confirm whether my ticket has been assigned? My ticket number is 83509.,neutral,14,0,14,can you confirm whether my ticket has been assigned my ticket number is 
TKT00109,social,The app crashes whenever I try to use profile update. Please respond as soon as possible.,negative,16,1,16,the app crashes whenever i try to use profile update please respond as soon as possible
TKT00110,email,I like the new profile update and it is easy to use.,positive,12,0,12,i like the new profile update and it is easy to use
TKT00111,social,The delivery was smooth and the product quality is excellent. My ticket number is 79102.,positive,15,0,15,the delivery was smooth and the product quality is excellent my ticket number is 
TKT00112,chat,I am very unhappy because my router has not worked since three days ago. My ticket number is 24804.,negative,19,0,19,i am very unhappy because my router has not worked since three days ago my ticket number is 
TKT00113,email,The product quality is bad and I regret purchasing it. My ticket number is 37963.,negative,15,1,15,the product quality is bad and i regret purchasing it my ticket number is 
TKT00114,phone,The delivery was late and the package arrived damaged. Please respond as soon as possible.,negative,15,1,15,the delivery was late and the package arrived damaged please respond as soon as possible
TKT00115,phone,The mobile app is working well and I am happy with the service.,positive,13,0,13,the mobile app is working well and i am happy with the service
TKT00116,social,The dashboard keeps failing and support has not resolved my issue.,negative,11,1,11,the dashboard keeps failing and support has not resolved my issue
TKT00117,phone,I would like to know more about the available plans. Please respond as soon as possible.,neutral,16,1,16,i would like to know more about the available plans please respond as soon as possible
TKT00118,email,I need help finding the invoice for my last order.,neutral,10,0,10,i need help finding the invoice for my last order
TKT00119,chat,The internet speed is slow and customer care is not helping. Please respond as soon as possible.,negative,17,1,17,the internet speed is slow and customer care is not helping please respond as soon as possible
TKT00120,social,The installation was completed on time and everything works perfectly.,positive,10,0,10,the installation was completed on time and everything works perfectly
TKT00121,social,I need help finding the invoice for my last order.,neutral,10,0,10,i need help finding the invoice for my last order
TKT00122,email,Can you confirm whether my ticket has been assigned?,neutral,9,0,9,can you confirm whether my ticket has been assigned
TKT00123,chat,The product quality is bad and I regret purchasing it.,negative,10,0,10,the product quality is bad and i regret purchasing it
TKT00124,email,Please provide the steps to activate notifications. My ticket number is 20303.,neutral,12,0,12,please provide the steps to activate notifications my ticket number is 
TKT00125,email,The product quality is bad and I regret purchasing it. My ticket number is 63843.,negative,15,0,15,the product quality is bad and i regret purchasing it my ticket number is 
TKT00126,email,Can you confirm whether my ticket has been assigned? My ticket number is 73636. Please respond as soon as possible.,neutral,20,1,20,can you confirm whether my ticket has been assigned my ticket number is  please respond as soon as possible
TKT00127,chat,I need help finding the invoice for my last order.,neutral,10,0,10,i need help finding the invoice for my last order
TKT00128,phone,Billing is incorrect and I was charged twice this month.,negative,10,1,10,billing is incorrect and i was charged twice this month
TKT00129,app,The response from the team was helpful and professional. My ticket number is 57734.,positive,14,0,14,the response from the team was helpful and professional my ticket number is 
TKT00130,social,I am very unhappy because my service plan has not worked since three days ago. Please respond as soon as possible.,negative,21,1,21,i am very unhappy because my service plan has not worked since three days ago please respond as soon as possible
TKT00131,app,The dashboard is working well and I am happy with the service.,positive,12,0,12,the dashboard is working well and i am happy with the service
TKT00132,app,The delivery was smooth and the product quality is excellent. I appreciate the quick response.,positive,15,0,15,the delivery was smooth and the product quality is excellent i appreciate the quick response
TKT00133,chat,I need help finding the invoice for my last order. My ticket number is 98508.,neutral,15,0,15,i need help finding the invoice for my last order my ticket number is 
TKT00134,app,I want to cancel because the service quality is poor and unreliable.,negative,12,0,12,i want to cancel because the service quality is poor and unreliable
TKT00135,email,I want to cancel because the service quality is poor and unreliable. My ticket number is 20363. Please respond as soon as possible.,negative,23,1,23,i want to cancel because the service quality is poor and unreliable my ticket number is  please respond as soon as possible
TKT00136,app,My refund is still pending and this experience is frustrating. My ticket number is 80366. Please respond as soon as possible.,negative,21,1,21,my refund is still pending and this experience is frustrating my ticket number is  please respond as soon as possible
TKT00137,social,Please provide the steps to activate report download. My ticket number is 20372. Please respond as soon as possible.,neutral,19,1,19,please provide the steps to activate report download my ticket number is  please respond as soon as possible
TKT00138,app,I am satisfied with the plan and would recommend it to others.,positive,12,0,12,i am satisfied with the plan and would recommend it to others
TKT00139,email,The delivery was smooth and the product quality is excellent.,positive,10,0,10,the delivery was smooth and the product quality is excellent
TKT00140,social,I have raised multiple tickets but nobody has fixed the problem. My ticket number is 55314.,negative,16,0,16,i have raised multiple tickets but nobody has fixed the problem my ticket number is 
TKT00141,chat,My refund is still pending and this experience is frustrating.,negative,10,1,10,my refund is still pending and this experience is frustrating
TKT00142,email,My refund is still pending and this experience is frustrating.,negative,10,0,10,my refund is still pending and this experience is frustrating
TKT00143,chat,Billing is incorrect and I was charged twice this month. My ticket number is 71239.,negative,15,1,15,billing is incorrect and i was charged twice this month my ticket number is 
TKT00144,social,Your support team resolved my issue quickly. Thank you. My ticket number is 68648.,positive,14,0,14,your support team resolved my issue quickly thank you my ticket number is 
TKT00145,chat,I am checking if there is any scheduled maintenance today.,neutral,10,0,10,i am checking if there is any scheduled maintenance today
TKT00146,email,I have raised multiple tickets but nobody has fixed the problem. My ticket number is 82756.,negative,16,0,16,i have raised multiple tickets but nobody has fixed the problem my ticket number is 
TKT00147,chat,I am satisfied with the plan and would recommend it to others.,positive,12,0,12,i am satisfied with the plan and would recommend it to others
TKT00148,chat,The response from the team was helpful and professional.,positive,9,0,9,the response from the team was helpful and professional
TKT00149,phone,My refund is still pending and this experience is frustrating.,negative,10,1,10,my refund is still pending and this experience is frustrating
TKT00150,app,The router keeps failing and support has not resolved my issue.,negative,11,0,11,the router keeps failing and support has not resolved my issue
TKT00151,app,I want to cancel because the service quality is poor and unreliable.,negative,12,1,12,i want to cancel because the service quality is poor and unreliable
TKT00152,social,My refund is still pending and this experience is frustrating.,negative,10,0,10,my refund is still pending and this experience is frustrating
TKT00153,phone,The app crashes whenever I try to use payment.,negative,9,0,9,the app crashes whenever i try to use payment
TKT00154,chat,The refund process was fast and convenient. My ticket number is 51222.,positive,12,0,12,the refund process was fast and convenient my ticket number is 
TKT00155,email,Your support team resolved my issue quickly. Thank you. My ticket number is 40480. I appreciate the quick response.,positive,19,0,19,your support team resolved my issue quickly thank you my ticket number is  i appreciate the quick response
TKT00156,chat,The installation was completed on time and everything works perfectly. My ticket number is 36703.,positive,15,0,15,the installation was completed on time and everything works perfectly my ticket number is 
TKT00157,email,Please tell me how to update my account details. Please respond as soon as possible.,neutral,15,1,15,please tell me how to update my account details please respond as soon as possible
TKT00158,social,Great service and clear communication from the support team. I appreciate the quick response.,positive,14,0,14,great service and clear communication from the support team i appreciate the quick response
TKT00159,chat,I want to cancel because the service quality is poor and unreliable. My ticket number is 15869.,negative,17,1,17,i want to cancel because the service quality is poor and unreliable my ticket number is 
TKT00160,email,I am very unhappy because my subscription has not worked since after the recent update.,negative,15,1,15,i am very unhappy because my subscription has not worked since after the recent update
TKT00161,chat,I need help finding the invoice for my last order. My ticket number is 20959.,neutral,15,0,15,i need help finding the invoice for my last order my ticket number is 
TKT00162,phone,I would like to know more about the available plans.,neutral,10,0,10,i would like to know more about the available plans
TKT00163,social,I would like to know more about the available plans.,neutral,10,0,10,i would like to know more about the available plans
TKT00164,email,I need information about the payment process.,neutral,7,0,7,i need information about the payment process
TKT00165,phone,The delivery was late and the package arrived damaged. Please respond as soon as possible.,negative,15,1,15,the delivery was late and the package arrived damaged please respond as soon as possible
TKT00166,email,The installation was completed on time and everything works perfectly.,positive,10,0,10,the installation was completed on time and everything works perfectly
TKT00167,phone,Please provide the steps to activate analytics. My ticket number is 94843.,neutral,12,0,12,please provide the steps to activate analytics my ticket number is 
TKT00168,social,The router keeps failing and support has not resolved my issue. My ticket number is 68591.,negative,16,1,16,the router keeps failing and support has not resolved my issue my ticket number is 
TKT00169,social,The installation was completed on time and everything works perfectly. I appreciate the quick response.,positive,15,0,15,the installation was completed on time and everything works perfectly i appreciate the quick response
TKT00170,social,The refund process was fast and convenient.,positive,7,0,7,the refund process was fast and convenient
TKT00171,chat,Please provide the steps to activate profile update. Please respond as soon as possible.,neutral,14,1,14,please provide the steps to activate profile update please respond as soon as possible
TKT00172,app,Can someone explain the difference between the plans?,neutral,8,0,8,can someone explain the difference between the plans
TKT00173,phone,Your support team resolved my issue quickly. Thank you.,positive,9,0,9,your support team resolved my issue quickly thank you
TKT00174,email,I would like to know more about the available plans.,neutral,10,0,10,i would like to know more about the available plans
TKT00175,social,The delivery was smooth and the product quality is excellent.,positive,10,0,10,the delivery was smooth and the product quality is excellent
TKT00176,email,Please tell me how to update my account details.,neutral,9,0,9,please tell me how to update my account details
TKT00177,social,The installation was completed on time and everything works perfectly.,positive,10,0,10,the installation was completed on time and everything works perfectly
TKT00178,phone,The service plan keeps failing and support has not resolved my issue. My ticket number is 21824.,negative,17,1,17,the service plan keeps failing and support has not resolved my issue my ticket number is 
TKT00179,social,Please tell me how to update my account details.,neutral,9,0,9,please tell me how to update my account details
TKT00180,app,The dashboard keeps failing and support has not resolved my issue. My ticket number is 31327. Please respond as soon as possible.,negative,22,1,22,the dashboard keeps failing and support has not resolved my issue my ticket number is  please respond as soon as possible
TKT00181,phone,The product quality is bad and I regret purchasing it.,negative,10,0,10,the product quality is bad and i regret purchasing it
TKT00182,phone,I am satisfied with the plan and would recommend it to others.,positive,12,0,12,i am satisfied with the plan and would recommend it to others
TKT00183,phone,Can you share the status of my order request? My ticket number is 85756. Please respond as soon as possible.,neutral,20,1,20,can you share the status of my order request my ticket number is  please respond as soon as possible
TKT00184,phone,Can you share the status of my subscription request? Please respond as soon as possible.,neutral,15,1,15,can you share the status of my subscription request please respond as soon as possible
TKT00185,app,Can you share the status of my service plan request?,neutral,10,0,10,can you share the status of my service plan request
TKT00186,social,Great service and clear communication from the support team. My ticket number is 21660.,positive,14,0,14,great service and clear communication from the support team my ticket number is 
TKT00187,social,I have raised multiple tickets but nobody has fixed the problem. My ticket number is 65008. Please respond as soon as possible.,negative,22,1,22,i have raised multiple tickets but nobody has fixed the problem my ticket number is  please respond as soon as possible
TKT00188,email,I am satisfied with the plan and would recommend it to others. My ticket number is 56062.,positive,17,0,17,i am satisfied with the plan and would recommend it to others my ticket number is 
TKT00189,email,The product quality is bad and I regret purchasing it. My ticket number is 70794.,negative,15,1,15,the product quality is bad and i regret purchasing it my ticket number is 
TKT00190,social,Billing is incorrect and I was charged twice this month. My ticket number is 67748. Please respond as soon as possible.,negative,21,1,21,billing is incorrect and i was charged twice this month my ticket number is  please respond as soon as possible
TKT00191,email,I am very unhappy because my subscription has not worked since yesterday.,negative,12,0,12,i am very unhappy because my subscription has not worked since yesterday
TKT00192,chat,The response from the team was helpful and professional.,positive,9,0,9,the response from the team was helpful and professional
TKT00193,app,The delivery was smooth and the product quality is excellent. I appreciate the quick response.,positive,15,0,15,the delivery was smooth and the product quality is excellent i appreciate the quick response
TKT00194,social,The product quality is bad and I regret purchasing it.,negative,10,0,10,the product quality is bad and i regret purchasing it
TKT00195,email,Great service and clear communication from the support team.,positive,9,0,9,great service and clear communication from the support team
TKT00196,app,The subscription keeps failing and support has not resolved my issue. My ticket number is 56110.,negative,16,0,16,the subscription keeps failing and support has not resolved my issue my ticket number is 
TKT00197,chat,I want to cancel because the service quality is poor and unreliable. My ticket number is 57178.,negative,17,0,17,i want to cancel because the service quality is poor and unreliable my ticket number is 
TKT00198,app,I want to cancel because the service quality is poor and unreliable.,negative,12,1,12,i want to cancel because the service quality is poor and unreliable
TKT00199,social,I need help finding the invoice for my last order.,neutral,10,0,10,i need help finding the invoice for my last order
TKT00200,phone,I want to cancel because the service quality is poor and unreliable.,negative,12,0,12,i want to cancel because the service quality is poor and unreliable
TKT00201,email,Please tell me how to update my account details. My ticket number is 68239.,neutral,14,0,14,please tell me how to update my account details my ticket number is 
TKT00202,chat,I am checking if there is any scheduled maintenance today.,neutral,10,0,10,i am checking if there is any scheduled maintenance today
TKT00203,phone,Can you share the status of my subscription request? My ticket number is 74668.,neutral,14,0,14,can you share the status of my subscription request my ticket number is 
TKT00204,app,The installation was completed on time and everything works perfectly.,positive,10,0,10,the installation was completed on time and everything works perfectly
TKT00205,app,The refund process was fast and convenient.,positive,7,0,7,the refund process was fast and convenient
TKT00206,chat,Can you share the status of my mobile app request?,neutral,10,0,10,can you share the status of my mobile app request
TKT00207,phone,I have raised multiple tickets but nobody has fixed the problem.,negative,11,1,11,i have raised multiple tickets but nobody has fixed the problem
TKT00208,email,The installation was completed on time and everything works perfectly. My ticket number is 64746.,positive,15,0,15,the installation was completed on time and everything works perfectly my ticket number is 
TKT00209,social,The order keeps failing and support has not resolved my issue.,negative,11,0,11,the order keeps failing and support has not resolved my issue
TKT00210,app,The product quality is bad and I regret purchasing it. My ticket number is 74528. Please respond as soon as possible.,negative,21,1,21,the product quality is bad and i regret purchasing it my ticket number is  please respond as soon as possible
TKT00211,phone,The delivery was smooth and the product quality is excellent.,positive,10,0,10,the delivery was smooth and the product quality is excellent
TKT00212,social,I need information about the payment process.,neutral,7,0,7,i need information about the payment process
TKT00213,chat,I have raised multiple tickets but nobody has fixed the problem. My ticket number is 46363.,negative,16,0,16,i have raised multiple tickets but nobody has fixed the problem my ticket number is 
TKT00214,email,Can someone explain the difference between the plans?,neutral,8,0,8,can someone explain the difference between the plans
TKT00215,phone,I am satisfied with the plan and would recommend it to others.,positive,12,0,12,i am satisfied with the plan and would recommend it to others
TKT00216,app,I want to understand the warranty terms for this product. Please respond as soon as possible.,neutral,16,1,16,i want to understand the warranty terms for this product please respond as soon as possible
TKT00217,social,The installation was completed on time and everything works perfectly.,positive,10,0,10,the installation was completed on time and everything works perfectly
TKT00218,chat,My refund is still pending and this experience is frustrating. My ticket number is 41671.,negative,15,0,15,my refund is still pending and this experience is frustrating my ticket number is 
TKT00219,phone,I like the new analytics and it is easy to use.,positive,11,0,11,i like the new analytics and it is easy to use
TKT00220,chat,The subscription is working well and I am happy with the service.,positive,12,0,12,the subscription is working well and i am happy with the service
TKT00221,chat,I am very unhappy because my insurance policy has not worked since three days ago. Please respond as soon as possible.,negative,21,1,21,i am very unhappy because my insurance policy has not worked since three days ago please respond as soon as possible
TKT00222,phone,I am satisfied with the plan and would recommend it to others. My ticket number is 23863.,positive,17,0,17,i am satisfied with the plan and would recommend it to others my ticket number is 
TKT00223,email,I am very unhappy because my mobile app has not worked since last week.,negative,14,0,14,i am very unhappy because my mobile app has not worked since last week
TKT00224,social,I am very unhappy because my subscription has not worked since yesterday. Please respond as soon as possible.,negative,18,1,18,i am very unhappy because my subscription has not worked since yesterday please respond as soon as possible
TKT00225,app,Please provide the steps to activate video call. My ticket number is 25289. Please respond as soon as possible.,neutral,19,1,19,please provide the steps to activate video call my ticket number is  please respond as soon as possible
TKT00226,app,Please tell me how to update my account details.,neutral,9,0,9,please tell me how to update my account details
TKT00227,social,The product quality is bad and I regret purchasing it. Please respond as soon as possible.,negative,16,1,16,the product quality is bad and i regret purchasing it please respond as soon as possible
TKT00228,chat,The refund process was fast and convenient. My ticket number is 41492.,positive,12,0,12,the refund process was fast and convenient my ticket number is 
TKT00229,app,The delivery was smooth and the product quality is excellent. I appreciate the quick response.,positive,15,0,15,the delivery was smooth and the product quality is excellent i appreciate the quick response
TKT00230,chat,The mobile app is working well and I am happy with the service. My ticket number is 55121.,positive,18,0,18,the mobile app is working well and i am happy with the service my ticket number is 
TKT00231,email,Great service and clear communication from the support team.,positive,9,0,9,great service and clear communication from the support team
TKT00232,email,I need help finding the invoice for my last order.,neutral,10,0,10,i need help finding the invoice for my last order
TKT00233,social,I am checking if there is any scheduled maintenance today. My ticket number is 23948.,neutral,15,0,15,i am checking if there is any scheduled maintenance today my ticket number is 
TKT00234,phone,Can someone explain the difference between the plans?,neutral,8,0,8,can someone explain the difference between the plans
TKT00235,email,I am checking if there is any scheduled maintenance today.,neutral,10,0,10,i am checking if there is any scheduled maintenance today
TKT00236,chat,I am satisfied with the plan and would recommend it to others.,positive,12,0,12,i am satisfied with the plan and would recommend it to others
TKT00237,phone,Billing is incorrect and I was charged twice this month.,negative,10,0,10,billing is incorrect and i was charged twice this month
TKT00238,chat,Your support team resolved my issue quickly. Thank you. My ticket number is 17074. I appreciate the quick response.,positive,19,0,19,your support team resolved my issue quickly thank you my ticket number is  i appreciate the quick response
TKT00239,phone,Can someone explain the difference between the plans? Please respond as soon as possible.,neutral,14,1,14,can someone explain the difference between the plans please respond as soon as possible
TKT00240,email,I have raised multiple tickets but nobody has fixed the problem.,negative,11,0,11,i have raised multiple tickets but nobody has fixed the problem
TKT00241,chat,The app crashes whenever I try to use login.,negative,9,1,9,the app crashes whenever i try to use login
TKT00242,chat,The response from the team was helpful and professional. My ticket number is 67528.,positive,14,0,14,the response from the team was helpful and professional my ticket number is 
TKT00243,app,I would like to know more about the available plans. My ticket number is 27123.,neutral,15,0,15,i would like to know more about the available plans my ticket number is 
TKT00244,social,I am very unhappy because my dashboard has not worked since this morning. My ticket number is 99414.,negative,18,1,18,i am very unhappy because my dashboard has not worked since this morning my ticket number is 
TKT00245,chat,The internet speed is slow and customer care is not helping.,negative,11,0,11,the internet speed is slow and customer care is not helping
TKT00246,email,The subscription keeps failing and support has not resolved my issue. My ticket number is 99474.,negative,16,0,16,the subscription keeps failing and support has not resolved my issue my ticket number is 
TKT00247,email,Please provide the steps to activate tracking.,neutral,7,0,7,please provide the steps to activate tracking
TKT00248,app,The account is working well and I am happy with the service. I appreciate the quick response.,positive,17,0,17,the account is working well and i am happy with the service i appreciate the quick response
TKT00249,email,Please tell me how to update my account details. Please respond as soon as possible.,neutral,15,1,15,please tell me how to update my account details please respond as soon as possible
TKT00250,email,Can someone explain the difference between the plans?,neutral,8,0,8,can someone explain the difference between the plans
TKT00251,phone,Please provide the steps to activate payment.,neutral,7,0,7,please provide the steps to activate payment
TKT00252,chat,The product quality is bad and I regret purchasing it.,negative,10,1,10,the product quality is bad and i regret purchasing it
TKT00253,social,I need help finding the invoice for my last order. Please respond as soon as possible.,neutral,16,1,16,i need help finding the invoice for my last order please respond as soon as possible
TKT00254,email,I am checking if there is any scheduled maintenance today.,neutral,10,0,10,i am checking if there is any scheduled maintenance today
TKT00255,social,I want to cancel because the service quality is poor and unreliable.,negative,12,0,12,i want to cancel because the service quality is poor and unreliable
TKT00256,email,Can you confirm whether my ticket has been assigned?,neutral,9,0,9,can you confirm whether my ticket has been assigned
TKT00257,email,I am checking if there is any scheduled maintenance today.,neutral,10,0,10,i am checking if there is any scheduled maintenance today
TKT00258,chat,I need help finding the invoice for my last order. My ticket number is 54411.,neutral,15,0,15,i need help finding the invoice for my last order my ticket number is 
TKT00259,chat,The response from the team was helpful and professional.,positive,9,0,9,the response from the team was helpful and professional
TKT00260,app,I have raised multiple tickets but nobody has fixed the problem. My ticket number is 57951.,negative,16,0,16,i have raised multiple tickets but nobody has fixed the problem my ticket number is 
TKT00261,phone,I have raised multiple tickets but nobody has fixed the problem.,negative,11,1,11,i have raised multiple tickets but nobody has fixed the problem
TKT00262,phone,The refund process was fast and convenient.,positive,7,0,7,the refund process was fast and convenient
TKT00263,email,Can you confirm whether my ticket has been assigned?,neutral,9,0,9,can you confirm whether my ticket has been assigned
TKT00264,social,Can you confirm whether my ticket has been assigned?,neutral,9,0,9,can you confirm whether my ticket has been assigned
TKT00265,app,Can you share the status of my order request? My ticket number is 54786. Please respond as soon as possible.,neutral,20,1,20,can you share the status of my order request my ticket number is  please respond as soon as possible
TKT00266,chat,I want to understand the warranty terms for this product. My ticket number is 68547. Please respond as soon as possible.,neutral,21,1,21,i want to understand the warranty terms for this product my ticket number is  please respond as soon as possible
TKT00267,chat,I have raised multiple tickets but nobody has fixed the problem.,negative,11,1,11,i have raised multiple tickets but nobody has fixed the problem
TKT00268,chat,Can you confirm whether my ticket has been assigned?,neutral,9,0,9,can you confirm whether my ticket has been assigned
TKT00269,app,Your support team resolved my issue quickly. Thank you. My ticket number is 17318.,positive,14,0,14,your support team resolved my issue quickly thank you my ticket number is 
TKT00270,social,The internet speed is slow and customer care is not helping. My ticket number is 94622.,negative,16,1,16,the internet speed is slow and customer care is not helping my ticket number is 
TKT00271,email,The delivery was smooth and the product quality is excellent.,positive,10,0,10,the delivery was smooth and the product quality is excellent
TKT00272,chat,Great service and clear communication from the support team. My ticket number is 96237.,positive,14,0,14,great service and clear communication from the support team my ticket number is 
TKT00273,app,Can someone explain the difference between the plans?,neutral,8,0,8,can someone explain the difference between the plans
TKT00274,chat,The internet speed is slow and customer care is not helping.,negative,11,1,11,the internet speed is slow and customer care is not helping
TKT00275,chat,The internet speed is slow and customer care is not helping.,negative,11,1,11,the internet speed is slow and customer care is not helping
TKT00276,phone,I am very unhappy because my router has not worked since yesterday. Please respond as soon as possible.,negative,18,1,18,i am very unhappy because my router has not worked since yesterday please respond as soon as possible
TKT00277,email,The app experience is smooth and reliable.,positive,7,0,7,the app experience is smooth and reliable
TKT00278,chat,I want to cancel because the service quality is poor and unreliable. My ticket number is 34419.,negative,17,0,17,i want to cancel because the service quality is poor and unreliable my ticket number is 
TKT00279,chat,I am very unhappy because my account has not worked since after the recent update. Please respond as soon as possible.,negative,21,1,21,i am very unhappy because my account has not worked since after the recent update please respond as soon as possible
TKT00280,chat,Great service and clear communication from the support team. I appreciate the quick response.,positive,14,0,14,great service and clear communication from the support team i appreciate the quick response
TKT00281,email,I want to understand the warranty terms for this product. Please respond as soon as possible.,neutral,16,1,16,i want to understand the warranty terms for this product please respond as soon as possible
TKT00282,phone,Please tell me how to update my account details. My ticket number is 58959.,neutral,14,0,14,please tell me how to update my account details my ticket number is 
TKT00283,social,I like the new tracking and it is easy to use. My ticket number is 68024.,positive,16,0,16,i like the new tracking and it is easy to use my ticket number is 
TKT00284,chat,My refund is still pending and this experience is frustrating.,negative,10,0,10,my refund is still pending and this experience is frustrating
TKT00285,email,I like the new video call and it is easy to use.,positive,12,0,12,i like the new video call and it is easy to use
TKT00286,app,I would like to know more about the available plans.,neutral,10,0,10,i would like to know more about the available plans
TKT00287,chat,Your support team resolved my issue quickly. Thank you. My ticket number is 11855.,positive,14,0,14,your support team resolved my issue quickly thank you my ticket number is 
TKT00288,app,I want to understand the warranty terms for this product.,neutral,10,0,10,i want to understand the warranty terms for this product
TKT00289,chat,The response from the team was helpful and professional. My ticket number is 68014.,positive,14,0,14,the response from the team was helpful and professional my ticket number is 
TKT00290,social,The delivery was late and the package arrived damaged.,negative,9,0,9,the delivery was late and the package arrived damaged
TKT00291,social,I want to cancel because the service quality is poor and unreliable. My ticket number is 56365.,negative,17,1,17,i want to cancel because the service quality is poor and unreliable my ticket number is 
TKT00292,app,I am satisfied with the plan and would recommend it to others.,positive,12,0,12,i am satisfied with the plan and would recommend it to others
TKT00293,app,I like the new payment and it is easy to use. My ticket number is 62011.,positive,16,0,16,i like the new payment and it is easy to use my ticket number is 
TKT00294,social,The delivery was late and the package arrived damaged. My ticket number is 83254.,negative,14,0,14,the delivery was late and the package arrived damaged my ticket number is 
TKT00295,phone,I am very unhappy because my router has not worked since this morning. My ticket number is 96651. Please respond as soon as possible.,negative,24,1,24,i am very unhappy because my router has not worked since this morning my ticket number is  please respond as soon as possible
TKT00296,email,I need information about the payment process. My ticket number is 46287.,neutral,12,0,12,i need information about the payment process my ticket number is 
TKT00297,phone,Can you confirm whether my ticket has been assigned?,neutral,9,0,9,can you confirm whether my ticket has been assigned
TKT00298,app,The product quality is bad and I regret purchasing it. My ticket number is 84655.,negative,15,1,15,the product quality is bad and i regret purchasing it my ticket number is 
TKT00299,email,I need information about the payment process.,neutral,7,0,7,i need information about the payment process
TKT00300,email,Can you share the status of my mobile app request? My ticket number is 30748.,neutral,15,0,15,can you share the status of my mobile app request my ticket number is 
TKT00301,social,I am checking if there is any scheduled maintenance today. My ticket number is 19606.,neutral,15,0,15,i am checking if there is any scheduled maintenance today my ticket number is 
TKT00302,social,Billing is incorrect and I was charged twice this month.,negative,10,1,10,billing is incorrect and i was charged twice this month
TKT00303,social,I would like to know more about the available plans.,neutral,10,0,10,i would like to know more about the available plans
TKT00304,phone,The delivery was smooth and the product quality is excellent. I appreciate the quick response.,positive,15,0,15,the delivery was smooth and the product quality is excellent i appreciate the quick response
TKT00305,social,Can someone explain the difference between the plans? My ticket number is 93545.,neutral,13,0,13,can someone explain the difference between the plans my ticket number is 
TKT00306,chat,The response from the team was helpful and professional. My ticket number is 60099.,positive,14,0,14,the response from the team was helpful and professional my ticket number is 
TKT00307,social,My refund is still pending and this experience is frustrating. My ticket number is 15987. Please respond as soon as possible.,negative,21,1,21,my refund is still pending and this experience is frustrating my ticket number is  please respond as soon as possible
TKT00308,phone,I am very unhappy because my order has not worked since this morning. My ticket number is 47065.,negative,18,0,18,i am very unhappy because my order has not worked since this morning my ticket number is 
TKT00309,phone,Can you share the status of my subscription request?,neutral,9,0,9,can you share the status of my subscription request
TKT00310,email,Billing is incorrect and I was charged twice this month.,negative,10,0,10,billing is incorrect and i was charged twice this month
TKT00311,phone,I need information about the payment process. Please respond as soon as possible.,neutral,13,1,13,i need information about the payment process please respond as soon as possible
TKT00312,app,Billing is incorrect and I was charged twice this month.,negative,10,1,10,billing is incorrect and i was charged twice this month
TKT00313,social,The installation was completed on time and everything works perfectly. I appreciate the quick response.,positive,15,0,15,the installation was completed on time and everything works perfectly i appreciate the quick response
TKT00314,email,Please tell me how to update my account details. My ticket number is 58622.,neutral,14,0,14,please tell me how to update my account details my ticket number is 
TKT00315,chat,The app crashes whenever I try to use tracking. My ticket number is 64201.,negative,14,1,14,the app crashes whenever i try to use tracking my ticket number is 
TKT00316,app,I am satisfied with the plan and would recommend it to others.,positive,12,0,12,i am satisfied with the plan and would recommend it to others
TKT00317,phone,I need information about the payment process.,neutral,7,0,7,i need information about the payment process
TKT00318,social,The response from the team was helpful and professional.,positive,9,0,9,the response from the team was helpful and professional
TKT00319,social,I need help finding the invoice for my last order.,neutral,10,0,10,i need help finding the invoice for my last order
TKT00320,social,The refund process was fast and convenient.,positive,7,0,7,the refund process was fast and convenient
TKT00321,chat,The delivery was late and the package arrived damaged.,negative,9,0,9,the delivery was late and the package arrived damaged
TKT00322,social,Great service and clear communication from the support team. My ticket number is 11045.,positive,14,0,14,great service and clear communication from the support team my ticket number is 
TKT00323,phone,Can you share the status of my mobile app request?,neutral,10,0,10,can you share the status of my mobile app request
TKT00324,phone,Great service and clear communication from the support team.,positive,9,0,9,great service and clear communication from the support team
TKT00325,phone,The product quality is bad and I regret purchasing it. My ticket number is 15624.,negative,15,0,15,the product quality is bad and i regret purchasing it my ticket number is 
TKT00326,phone,I would like to know more about the available plans. My ticket number is 13589. Please respond as soon as possible.,neutral,21,1,21,i would like to know more about the available plans my ticket number is  please respond as soon as possible
TKT00327,social,The insurance policy keeps failing and support has not resolved my issue.,negative,12,0,12,the insurance policy keeps failing and support has not resolved my issue
TKT00328,email,I want to understand the warranty terms for this product.,neutral,10,0,10,i want to understand the warranty terms for this product
TKT00329,chat,The installation was completed on time and everything works perfectly.,positive,10,0,10,the installation was completed on time and everything works perfectly
TKT00330,email,The app crashes whenever I try to use profile update. My ticket number is 39205.,negative,15,0,15,the app crashes whenever i try to use profile update my ticket number is 
TKT00331,email,The response from the team was helpful and professional. My ticket number is 97916.,positive,14,0,14,the response from the team was helpful and professional my ticket number is 
TKT00332,email,I like the new report download and it is easy to use. My ticket number is 63290. I appreciate the quick response.,positive,22,0,22,i like the new report download and it is easy to use my ticket number is  i appreciate the quick response
TKT00333,social,The delivery was late and the package arrived damaged.,negative,9,0,9,the delivery was late and the package arrived damaged
TKT00334,social,The order is working well and I am happy with the service.,positive,12,0,12,the order is working well and i am happy with the service
TKT00335,phone,The delivery was smooth and the product quality is excellent. I appreciate the quick response.,positive,15,0,15,the delivery was smooth and the product quality is excellent i appreciate the quick response
TKT00336,phone,I am very unhappy because my account has not worked since three days ago. My ticket number is 39934.,negative,19,0,19,i am very unhappy because my account has not worked since three days ago my ticket number is 
TKT00337,phone,The delivery was smooth and the product quality is excellent. I appreciate the quick response.,positive,15,0,15,the delivery was smooth and the product quality is excellent i appreciate the quick response
TKT00338,chat,The delivery was smooth and the product quality is excellent. I appreciate the quick response.,positive,15,0,15,the delivery was smooth and the product quality is excellent i appreciate the quick response
TKT00339,chat,I am very unhappy because my mobile app has not worked since this morning. Please respond as soon as possible.,negative,20,1,20,i am very unhappy because my mobile app has not worked since this morning please respond as soon as possible
TKT00340,email,I like the new video call and it is easy to use. My ticket number is 71400.,positive,17,0,17,i like the new video call and it is easy to use my ticket number is 
TKT00341,app,Please provide the steps to activate notifications.,neutral,7,0,7,please provide the steps to activate notifications
TKT00342,email,I want to understand the warranty terms for this product. My ticket number is 94116.,neutral,15,0,15,i want to understand the warranty terms for this product my ticket number is 
TKT00343,chat,I want to cancel because the service quality is poor and unreliable. My ticket number is 13806. Please respond as soon as possible.,negative,23,1,23,i want to cancel because the service quality is poor and unreliable my ticket number is  please respond as soon as possible
TKT00344,email,My refund is still pending and this experience is frustrating.,negative,10,0,10,my refund is still pending and this experience is frustrating
TKT00345,app,I want to cancel because the service quality is poor and unreliable. My ticket number is 58929. Please respond as soon as possible.,negative,23,1,23,i want to cancel because the service quality is poor and unreliable my ticket number is  please respond as soon as possible
TKT00346,phone,The response from the team was helpful and professional.,positive,9,0,9,the response from the team was helpful and professional
TKT00347,chat,The refund process was fast and convenient. My ticket number is 57154.,positive,12,0,12,the refund process was fast and convenient my ticket number is 
TKT00348,email,I am checking if there is any scheduled maintenance today.,neutral,10,0,10,i am checking if there is any scheduled maintenance today
TKT00349,social,The app crashes whenever I try to use notifications.,negative,9,0,9,the app crashes whenever i try to use notifications
TKT00350,email,The delivery was smooth and the product quality is excellent.,positive,10,0,10,the delivery was smooth and the product quality is excellent
TKT00351,app,Your support team resolved my issue quickly. Thank you. I appreciate the quick response.,positive,14,0,14,your support team resolved my issue quickly thank you i appreciate the quick response
TKT00352,social,The insurance policy is working well and I am happy with the service.,positive,13,0,13,the insurance policy is working well and i am happy with the service
TKT00353,social,The service plan keeps failing and support has not resolved my issue. My ticket number is 14725.,negative,17,0,17,the service plan keeps failing and support has not resolved my issue my ticket number is 
TKT00354,email,The account keeps failing and support has not resolved my issue.,negative,11,0,11,the account keeps failing and support has not resolved my issue
TKT00355,chat,Please tell me how to update my account details.,neutral,9,0,9,please tell me how to update my account details
TKT00356,app,The internet speed is slow and customer care is not helping.,negative,11,1,11,the internet speed is slow and customer care is not helping
TKT00357,social,The app crashes whenever I try to use profile update.,negative,10,1,10,the app crashes whenever i try to use profile update
TKT00358,email,I like the new analytics and it is easy to use.,positive,11,0,11,i like the new analytics and it is easy to use
TKT00359,phone,My refund is still pending and this experience is frustrating. My ticket number is 12727.,negative,15,1,15,my refund is still pending and this experience is frustrating my ticket number is 
TKT00360,app,Please provide the steps to activate payment.,neutral,7,0,7,please provide the steps to activate payment
TKT00361,social,I need help finding the invoice for my last order. Please respond as soon as possible.,neutral,16,1,16,i need help finding the invoice for my last order please respond as soon as possible
TKT00362,phone,The refund process was fast and convenient.,positive,7,0,7,the refund process was fast and convenient
TKT00363,phone,The delivery was smooth and the product quality is excellent.,positive,10,0,10,the delivery was smooth and the product quality is excellent
TKT00364,chat,Please tell me how to update my account details.,neutral,9,0,9,please tell me how to update my account details
TKT00365,phone,I would like to know more about the available plans. My ticket number is 29875.,neutral,15,0,15,i would like to know more about the available plans my ticket number is 
TKT00366,chat,The installation was completed on time and everything works perfectly. My ticket number is 97605.,positive,15,0,15,the installation was completed on time and everything works perfectly my ticket number is 
TKT00367,phone,Please tell me how to update my account details. Please respond as soon as possible.,neutral,15,1,15,please tell me how to update my account details please respond as soon as possible
TKT00368,social,Can you share the status of my order request? My ticket number is 24020.,neutral,14,0,14,can you share the status of my order request my ticket number is 
TKT00369,chat,The subscription is working well and I am happy with the service.,positive,12,0,12,the subscription is working well and i am happy with the service
TKT00370,email,The mobile app keeps failing and support has not resolved my issue. Please respond as soon as possible.,negative,18,1,18,the mobile app keeps failing and support has not resolved my issue please respond as soon as possible
TKT00371,social,Can you confirm whether my ticket has been assigned? My ticket number is 67074.,neutral,14,0,14,can you confirm whether my ticket has been assigned my ticket number is 
TKT00372,phone,Please provide the steps to activate login. Please respond as soon as possible.,neutral,13,1,13,please provide the steps to activate login please respond as soon as possible
TKT00373,email,My refund is still pending and this experience is frustrating.,negative,10,0,10,my refund is still pending and this experience is frustrating
TKT00374,social,Billing is incorrect and I was charged twice this month.,negative,10,0,10,billing is incorrect and i was charged twice this month
TKT00375,app,Billing is incorrect and I was charged twice this month.,negative,10,1,10,billing is incorrect and i was charged twice this month
TKT00376,app,I like the new tracking and it is easy to use.,positive,11,0,11,i like the new tracking and it is easy to use
TKT00377,chat,The delivery was smooth and the product quality is excellent. My ticket number is 18383. I appreciate the quick response.,positive,20,0,20,the delivery was smooth and the product quality is excellent my ticket number is  i appreciate the quick response
TKT00378,social,Can someone explain the difference between the plans?,neutral,8,0,8,can someone explain the difference between the plans
TKT00379,app,Your support team resolved my issue quickly. Thank you.,positive,9,0,9,your support team resolved my issue quickly thank you
TKT00380,social,I need help finding the invoice for my last order. Please respond as soon as possible.,neutral,16,1,16,i need help finding the invoice for my last order please respond as soon as possible
TKT00381,phone,The delivery was late and the package arrived damaged. My ticket number is 32032.,negative,14,1,14,the delivery was late and the package arrived damaged my ticket number is 
TKT00382,email,The delivery was smooth and the product quality is excellent.,positive,10,0,10,the delivery was smooth and the product quality is excellent
TKT00383,email,I am very unhappy because my order has not worked since three days ago. My ticket number is 79397.,negative,19,0,19,i am very unhappy because my order has not worked since three days ago my ticket number is 
TKT00384,email,Great service and clear communication from the support team. My ticket number is 83997.,positive,14,0,14,great service and clear communication from the support team my ticket number is 
TKT00385,chat,Billing is incorrect and I was charged twice this month.,negative,10,0,10,billing is incorrect and i was charged twice this month
TKT00386,email,I like the new video call and it is easy to use.,positive,12,0,12,i like the new video call and it is easy to use
TKT00387,social,I would like to know more about the available plans.,neutral,10,0,10,i would like to know more about the available plans
TKT00388,chat,The subscription keeps failing and support has not resolved my issue. My ticket number is 76301.,negative,16,1,16,the subscription keeps failing and support has not resolved my issue my ticket number is 
TKT00389,social,The delivery was smooth and the product quality is excellent.,positive,10,0,10,the delivery was smooth and the product quality is excellent
TKT00390,app,Your support team resolved my issue quickly. Thank you.,positive,9,0,9,your support team resolved my issue quickly thank you
TKT00391,social,Can you share the status of my dashboard request? My ticket number is 93205.,neutral,14,0,14,can you share the status of my dashboard request my ticket number is 
TKT00392,app,Can you confirm whether my ticket has been assigned? My ticket number is 89521.,neutral,14,0,14,can you confirm whether my ticket has been assigned my ticket number is 
TKT00393,social,My refund is still pending and this experience is frustrating.,negative,10,0,10,my refund is still pending and this experience is frustrating
TKT00394,chat,I want to understand the warranty terms for this product.,neutral,10,0,10,i want to understand the warranty terms for this product
TKT00395,phone,The refund process was fast and convenient. I appreciate the quick response.,positive,12,0,12,the refund process was fast and convenient i appreciate the quick response
TKT00396,social,I would like to know more about the available plans. My ticket number is 90837.,neutral,15,0,15,i would like to know more about the available plans my ticket number is 
TKT00397,email,The delivery was smooth and the product quality is excellent.,positive,10,0,10,the delivery was smooth and the product quality is excellent
TKT00398,social,The response from the team was helpful and professional. My ticket number is 72282. I appreciate the quick response.,positive,19,0,19,the response from the team was helpful and professional my ticket number is  i appreciate the quick response
TKT00399,email,I need help finding the invoice for my last order.,neutral,10,0,10,i need help finding the invoice for my last order
TKT00400,social,Can someone explain the difference between the plans? My ticket number is 56129.,neutral,13,0,13,can someone explain the difference between the plans my ticket number is 
TKT00401,app,I have raised multiple tickets but nobody has fixed the problem.,negative,11,1,11,i have raised multiple tickets but nobody has fixed the problem
TKT00402,app,The internet speed is slow and customer care is not helping.,negative,11,0,11,the internet speed is slow and customer care is not helping
TKT00403,social,The product quality is bad and I regret purchasing it. My ticket number is 89289. Please respond as soon as possible.,negative,21,1,21,the product quality is bad and i regret purchasing it my ticket number is  please respond as soon as possible
TKT00404,chat,The order is working well and I am happy with the service.,positive,12,0,12,the order is working well and i am happy with the service
TKT00405,email,I am checking if there is any scheduled maintenance today. My ticket number is 88882.,neutral,15,0,15,i am checking if there is any scheduled maintenance today my ticket number is 
TKT00406,email,The delivery was smooth and the product quality is excellent.,positive,10,0,10,the delivery was smooth and the product quality is excellent
TKT00407,social,Can someone explain the difference between the plans?,neutral,8,0,8,can someone explain the difference between the plans
TKT00408,chat,I need help finding the invoice for my last order.,neutral,10,0,10,i need help finding the invoice for my last order
TKT00409,app,The internet speed is slow and customer care is not helping. My ticket number is 16019.,negative,16,0,16,the internet speed is slow and customer care is not helping my ticket number is 
TKT00410,email,The product quality is bad and I regret purchasing it.,negative,10,1,10,the product quality is bad and i regret purchasing it
TKT00411,phone,I need help finding the invoice for my last order.,neutral,10,0,10,i need help finding the invoice for my last order
TKT00412,chat,I need help finding the invoice for my last order.,neutral,10,0,10,i need help finding the invoice for my last order
TKT00413,email,Can you share the status of my subscription request?,neutral,9,0,9,can you share the status of my subscription request
TKT00414,phone,I have raised multiple tickets but nobody has fixed the problem. My ticket number is 88027.,negative,16,1,16,i have raised multiple tickets but nobody has fixed the problem my ticket number is 
TKT00415,chat,Please provide the steps to activate notifications. My ticket number is 15061.,neutral,12,0,12,please provide the steps to activate notifications my ticket number is 
TKT00416,chat,The app crashes whenever I try to use report download. My ticket number is 65767.,negative,15,1,15,the app crashes whenever i try to use report download my ticket number is 
TKT00417,email,I am very unhappy because my order has not worked since last week.,negative,13,1,13,i am very unhappy because my order has not worked since last week
TKT00418,social,I have raised multiple tickets but nobody has fixed the problem.,negative,11,1,11,i have raised multiple tickets but nobody has fixed the problem
TKT00419,phone,Billing is incorrect and I was charged twice this month.,negative,10,0,10,billing is incorrect and i was charged twice this month
TKT00420,chat,The mobile app keeps failing and support has not resolved my issue. Please respond as soon as possible.,negative,18,1,18,the mobile app keeps failing and support has not resolved my issue please respond as soon as possible
TKT00421,email,The installation was completed on time and everything works perfectly.,positive,10,0,10,the installation was completed on time and everything works perfectly
TKT00422,chat,Your support team resolved my issue quickly. Thank you.,positive,9,0,9,your support team resolved my issue quickly thank you
TKT00423,social,Can you confirm whether my ticket has been assigned?,neutral,9,0,9,can you confirm whether my ticket has been assigned
TKT00424,email,I want to cancel because the service quality is poor and unreliable. My ticket number is 50976. Please respond as soon as possible.,negative,23,1,23,i want to cancel because the service quality is poor and unreliable my ticket number is  please respond as soon as possible
TKT00425,email,I am satisfied with the plan and would recommend it to others. My ticket number is 18724. I appreciate the quick response.,positive,22,0,22,i am satisfied with the plan and would recommend it to others my ticket number is  i appreciate the quick response
TKT00426,phone,Can you share the status of my order request? My ticket number is 68751.,neutral,14,0,14,can you share the status of my order request my ticket number is 
TKT00427,phone,I want to understand the warranty terms for this product. My ticket number is 79327.,neutral,15,0,15,i want to understand the warranty terms for this product my ticket number is 
TKT00428,social,The internet speed is slow and customer care is not helping. My ticket number is 84852.,negative,16,1,16,the internet speed is slow and customer care is not helping my ticket number is 
TKT00429,chat,The app crashes whenever I try to use report download.,negative,10,1,10,the app crashes whenever i try to use report download
TKT00430,app,I would like to know more about the available plans.,neutral,10,0,10,i would like to know more about the available plans
TKT00431,app,Great service and clear communication from the support team. My ticket number is 32818.,positive,14,0,14,great service and clear communication from the support team my ticket number is 
TKT00432,phone,I have raised multiple tickets but nobody has fixed the problem.,negative,11,1,11,i have raised multiple tickets but nobody has fixed the problem
TKT00433,email,I need information about the payment process.,neutral,7,0,7,i need information about the payment process
TKT00434,phone,The product quality is bad and I regret purchasing it. Please respond as soon as possible.,negative,16,1,16,the product quality is bad and i regret purchasing it please respond as soon as possible
TKT00435,social,The app experience is smooth and reliable.,positive,7,0,7,the app experience is smooth and reliable
TKT00436,social,The installation was completed on time and everything works perfectly. My ticket number is 61911. I appreciate the quick response.,positive,20,0,20,the installation was completed on time and everything works perfectly my ticket number is  i appreciate the quick response
TKT00437,email,Please provide the steps to activate analytics. My ticket number is 87010.,neutral,12,0,12,please provide the steps to activate analytics my ticket number is 
TKT00438,chat,I would like to know more about the available plans. My ticket number is 12223.,neutral,15,0,15,i would like to know more about the available plans my ticket number is 
TKT00439,social,I am satisfied with the plan and would recommend it to others.,positive,12,0,12,i am satisfied with the plan and would recommend it to others
TKT00440,social,I have raised multiple tickets but nobody has fixed the problem. My ticket number is 77449.,negative,16,1,16,i have raised multiple tickets but nobody has fixed the problem my ticket number is 
TKT00441,app,The installation was completed on time and everything works perfectly.,positive,10,0,10,the installation was completed on time and everything works perfectly
TKT00442,chat,The product quality is bad and I regret purchasing it.,negative,10,1,10,the product quality is bad and i regret purchasing it
TKT00443,social,The product quality is bad and I regret purchasing it. My ticket number is 80837. Please respond as soon as possible.,negative,21,1,21,the product quality is bad and i regret purchasing it my ticket number is  please respond as soon as possible
TKT00444,social,The app experience is smooth and reliable.,positive,7,0,7,the app experience is smooth and reliable
TKT00445,app,I have raised multiple tickets but nobody has fixed the problem. Please respond as soon as possible.,negative,17,1,17,i have raised multiple tickets but nobody has fixed the problem please respond as soon as possible
TKT00446,chat,The delivery was smooth and the product quality is excellent. My ticket number is 38526.,positive,15,0,15,the delivery was smooth and the product quality is excellent my ticket number is 
TKT00447,app,I want to understand the warranty terms for this product.,neutral,10,0,10,i want to understand the warranty terms for this product
TKT00448,social,Your support team resolved my issue quickly. Thank you. My ticket number is 12970.,positive,14,0,14,your support team resolved my issue quickly thank you my ticket number is 
TKT00449,phone,I need help finding the invoice for my last order. Please respond as soon as possible.,neutral,16,1,16,i need help finding the invoice for my last order please respond as soon as possible
TKT00450,phone,Billing is incorrect and I was charged twice this month.,negative,10,0,10,billing is incorrect and i was charged twice this month
TKT00451,chat,Great service and clear communication from the support team.,positive,9,0,9,great service and clear communication from the support team
TKT00452,chat,Billing is incorrect and I was charged twice this month.,negative,10,1,10,billing is incorrect and i was charged twice this month
TKT00453,chat,Great service and clear communication from the support team. My ticket number is 51307.,positive,14,0,14,great service and clear communication from the support team my ticket number is 
TKT00454,email,The subscription is working well and I am happy with the service.,positive,12,0,12,the subscription is working well and i am happy with the service
TKT00455,email,The app crashes whenever I try to use tracking. My ticket number is 70429. Please respond as soon as possible.,negative,20,1,20,the app crashes whenever i try to use tracking my ticket number is  please respond as soon as possible
TKT00456,app,Great service and clear communication from the support team. I appreciate the quick response.,positive,14,0,14,great service and clear communication from the support team i appreciate the quick response
TKT00457,email,The app crashes whenever I try to use video call.,negative,10,1,10,the app crashes whenever i try to use video call
TKT00458,app,Can someone explain the difference between the plans?,neutral,8,0,8,can someone explain the difference between the plans
TKT00459,phone,I would like to know more about the available plans. My ticket number is 73877.,neutral,15,0,15,i would like to know more about the available plans my ticket number is 
TKT00460,social,The router keeps failing and support has not resolved my issue. My ticket number is 98977.,negative,16,0,16,the router keeps failing and support has not resolved my issue my ticket number is 
TKT00461,app,The app experience is smooth and reliable. My ticket number is 30762.,positive,12,0,12,the app experience is smooth and reliable my ticket number is 
TKT00462,social,The refund process was fast and convenient.,positive,7,0,7,the refund process was fast and convenient
TKT00463,phone,I have raised multiple tickets but nobody has fixed the problem. My ticket number is 23741.,negative,16,0,16,i have raised multiple tickets but nobody has fixed the problem my ticket number is 
TKT00464,phone,I need information about the payment process. Please respond as soon as possible.,neutral,13,1,13,i need information about the payment process please respond as soon as possible
TKT00465,phone,The insurance policy is working well and I am happy with the service. I appreciate the quick response.,positive,18,0,18,the insurance policy is working well and i am happy with the service i appreciate the quick response
TKT00466,phone,Billing is incorrect and I was charged twice this month.,negative,10,1,10,billing is incorrect and i was charged twice this month
TKT00467,social,I am checking if there is any scheduled maintenance today. My ticket number is 37710.,neutral,15,0,15,i am checking if there is any scheduled maintenance today my ticket number is 
TKT00468,email,Can you share the status of my dashboard request? My ticket number is 96412.,neutral,14,0,14,can you share the status of my dashboard request my ticket number is 
TKT00469,phone,Please tell me how to update my account details.,neutral,9,0,9,please tell me how to update my account details
TKT00470,phone,The delivery was late and the package arrived damaged. Please respond as soon as possible.,negative,15,1,15,the delivery was late and the package arrived damaged please respond as soon as possible
TKT00471,phone,The dashboard is working well and I am happy with the service.,positive,12,0,12,the dashboard is working well and i am happy with the service
TKT00472,email,The insurance policy is working well and I am happy with the service.,positive,13,0,13,the insurance policy is working well and i am happy with the service
TKT00473,chat,I need information about the payment process.,neutral,7,0,7,i need information about the payment process
TKT00474,email,I have raised multiple tickets but nobody has fixed the problem. Please respond as soon as possible.,negative,17,1,17,i have raised multiple tickets but nobody has fixed the problem please respond as soon as possible
TKT00475,app,I need help finding the invoice for my last order.,neutral,10,0,10,i need help finding the invoice for my last order
TKT00476,email,The delivery was smooth and the product quality is excellent.,positive,10,0,10,the delivery was smooth and the product quality is excellent
TKT00477,phone,Your support team resolved my issue quickly. Thank you.,positive,9,0,9,your support team resolved my issue quickly thank you
TKT00478,app,Please tell me how to update my account details. My ticket number is 17418.,neutral,14,0,14,please tell me how to update my account details my ticket number is 
TKT00479,email,Can you confirm whether my ticket has been assigned? My ticket number is 41483.,neutral,14,0,14,can you confirm whether my ticket has been assigned my ticket number is 
TKT00480,social,The internet speed is slow and customer care is not helping. My ticket number is 46313.,negative,16,0,16,the internet speed is slow and customer care is not helping my ticket number is 
TKT00481,social,Great service and clear communication from the support team.,positive,9,0,9,great service and clear communication from the support team
TKT00482,chat,Please tell me how to update my account details.,neutral,9,0,9,please tell me how to update my account details
TKT00483,social,I am very unhappy because my account has not worked since last week. Please respond as soon as possible.,negative,19,1,19,i am very unhappy because my account has not worked since last week please respond as soon as possible
TKT00484,app,The delivery was late and the package arrived damaged.,negative,9,1,9,the delivery was late and the package arrived damaged
TKT00485,phone,My refund is still pending and this experience is frustrating. My ticket number is 29850.,negative,15,1,15,my refund is still pending and this experience is frustrating my ticket number is 
TKT00486,social,I like the new profile update and it is easy to use. My ticket number is 57237. I appreciate the quick response.,positive,22,0,22,i like the new profile update and it is easy to use my ticket number is  i appreciate the quick response
TKT00487,email,Can you share the status of my order request? Please respond as soon as possible.,neutral,15,1,15,can you share the status of my order request please respond as soon as possible
TKT00488,app,Please tell me how to update my account details. Please respond as soon as possible.,neutral,15,1,15,please tell me how to update my account details please respond as soon as possible
TKT00489,email,I am very unhappy because my service plan has not worked since last week. My ticket number is 36764.,negative,19,1,19,i am very unhappy because my service plan has not worked since last week my ticket number is 
TKT00490,phone,The app experience is smooth and reliable. My ticket number is 25722. I appreciate the quick response.,positive,17,0,17,the app experience is smooth and reliable my ticket number is  i appreciate the quick response
TKT00491,email,I have raised multiple tickets but nobody has fixed the problem. My ticket number is 31913.,negative,16,0,16,i have raised multiple tickets but nobody has fixed the problem my ticket number is 
TKT00492,chat,Can you share the status of my service plan request? My ticket number is 17050.,neutral,15,0,15,can you share the status of my service plan request my ticket number is 
TKT00493,app,The response from the team was helpful and professional. I appreciate the quick response.,positive,14,0,14,the response from the team was helpful and professional i appreciate the quick response
TKT00494,email,The app crashes whenever I try to use video call. My ticket number is 20784. Please respond as soon as possible.,negative,21,1,21,the app crashes whenever i try to use video call my ticket number is  please respond as soon as possible
TKT00495,chat,Can you confirm whether my ticket has been assigned? Please respond as soon as possible.,neutral,15,1,15,can you confirm whether my ticket has been assigned please respond as soon as possible
TKT00496,email,I want to understand the warranty terms for this product.,neutral,10,0,10,i want to understand the warranty terms for this product
TKT00497,phone,I need help finding the invoice for my last order. My ticket number is 55212.,neutral,15,0,15,i need help finding the invoice for my last order my ticket number is 
TKT00498,email,I want to understand the warranty terms for this product. My ticket number is 23933.,neutral,15,0,15,i want to understand the warranty terms for this product my ticket number is 
TKT00499,phone,My refund is still pending and this experience is frustrating.,negative,10,0,10,my refund is still pending and this experience is frustrating
TKT00500,social,Great service and clear communication from the support team.,positive,9,0,9,great service and clear communication from the support team
TKT00501,social,Please tell me how to update my account details.,neutral,9,0,9,please tell me how to update my account details
TKT00502,social,Can you confirm whether my ticket has been assigned?,neutral,9,0,9,can you confirm whether my ticket has been assigned
TKT00503,app,The installation was completed on time and everything works perfectly. My ticket number is 84351. I appreciate the quick response.,positive,20,0,20,the installation was completed on time and everything works perfectly my ticket number is  i appreciate the quick response
TKT00504,chat,I am very unhappy because my dashboard has not worked since this morning.,negative,13,1,13,i am very unhappy because my dashboard has not worked since this morning
TKT00505,email,I like the new analytics and it is easy to use.,positive,11,0,11,i like the new analytics and it is easy to use
TKT00506,email,I would like to know more about the available plans. My ticket number is 34574. Please respond as soon as possible.,neutral,21,1,21,i would like to know more about the available plans my ticket number is  please respond as soon as possible
TKT00507,chat,I want to cancel because the service quality is poor and unreliable.,negative,12,1,12,i want to cancel because the service quality is poor and unreliable
TKT00508,phone,The subscription is working well and I am happy with the service.,positive,12,0,12,the subscription is working well and i am happy with the service
TKT00509,social,The refund process was fast and convenient. My ticket number is 10632. I appreciate the quick response.,positive,17,0,17,the refund process was fast and convenient my ticket number is  i appreciate the quick response
TKT00510,email,I need help finding the invoice for my last order. My ticket number is 10347. Please respond as soon as possible.,neutral,21,1,21,i need help finding the invoice for my last order my ticket number is  please respond as soon as possible
TKT00511,social,Please tell me how to update my account details. My ticket number is 69866.,neutral,14,0,14,please tell me how to update my account details my ticket number is 
TKT00512,email,I need help finding the invoice for my last order. My ticket number is 54150.,neutral,15,0,15,i need help finding the invoice for my last order my ticket number is 
TKT00513,email,Great service and clear communication from the support team. I appreciate the quick response.,positive,14,0,14,great service and clear communication from the support team i appreciate the quick response
TKT00514,chat,The installation was completed on time and everything works perfectly.,positive,10,0,10,the installation was completed on time and everything works perfectly
TKT00515,phone,Your support team resolved my issue quickly. Thank you. My ticket number is 89184.,positive,14,0,14,your support team resolved my issue quickly thank you my ticket number is 
TKT00516,phone,I want to understand the warranty terms for this product. Please respond as soon as possible.,neutral,16,1,16,i want to understand the warranty terms for this product please respond as soon as possible
TKT00517,app,The router is working well and I am happy with the service.,positive,12,0,12,the router is working well and i am happy with the service
TKT00518,social,I am checking if there is any scheduled maintenance today.,neutral,10,0,10,i am checking if there is any scheduled maintenance today
TKT00519,social,The response from the team was helpful and professional. My ticket number is 17034. I appreciate the quick response.,positive,19,0,19,the response from the team was helpful and professional my ticket number is  i appreciate the quick response
TKT00520,social,I am very unhappy because my mobile app has not worked since after the recent update. My ticket number is 28058.,negative,21,0,21,i am very unhappy because my mobile app has not worked since after the recent update my ticket number is 
TKT00521,email,The response from the team was helpful and professional. My ticket number is 79583.,positive,14,0,14,the response from the team was helpful and professional my ticket number is 
TKT00522,chat,I want to understand the warranty terms for this product.,neutral,10,0,10,i want to understand the warranty terms for this product
TKT00523,social,Please tell me how to update my account details. My ticket number is 48621. Please respond as soon as possible.,neutral,20,1,20,please tell me how to update my account details my ticket number is  please respond as soon as possible
TKT00524,chat,My refund is still pending and this experience is frustrating.,negative,10,0,10,my refund is still pending and this experience is frustrating
TKT00525,email,I am satisfied with the plan and would recommend it to others.,positive,12,0,12,i am satisfied with the plan and would recommend it to others
TKT00526,email,The service plan is working well and I am happy with the service. My ticket number is 65898.,positive,18,0,18,the service plan is working well and i am happy with the service my ticket number is 
TKT00527,chat,My refund is still pending and this experience is frustrating. My ticket number is 21761.,negative,15,0,15,my refund is still pending and this experience is frustrating my ticket number is 
TKT00528,social,I want to cancel because the service quality is poor and unreliable. My ticket number is 13848.,negative,17,1,17,i want to cancel because the service quality is poor and unreliable my ticket number is 
TKT00529,phone,The service plan is working well and I am happy with the service.,positive,13,0,13,the service plan is working well and i am happy with the service
TKT00530,phone,I am very unhappy because my account has not worked since last week.,negative,13,1,13,i am very unhappy because my account has not worked since last week
TKT00531,chat,Can you share the status of my router request? My ticket number is 57965.,neutral,14,0,14,can you share the status of my router request my ticket number is 
TKT00532,email,The response from the team was helpful and professional. My ticket number is 83181.,positive,14,0,14,the response from the team was helpful and professional my ticket number is 
TKT00533,chat,Please provide the steps to activate tracking.,neutral,7,0,7,please provide the steps to activate tracking
TKT00534,app,The delivery was smooth and the product quality is excellent.,positive,10,0,10,the delivery was smooth and the product quality is excellent
TKT00535,social,The refund process was fast and convenient.,positive,7,0,7,the refund process was fast and convenient
TKT00536,chat,The refund process was fast and convenient. My ticket number is 71221.,positive,12,0,12,the refund process was fast and convenient my ticket number is 
TKT00537,social,I need information about the payment process.,neutral,7,0,7,i need information about the payment process
TKT00538,phone,The product quality is bad and I regret purchasing it. My ticket number is 51052.,negative,15,0,15,the product quality is bad and i regret purchasing it my ticket number is 
TKT00539,phone,Billing is incorrect and I was charged twice this month. My ticket number is 54076.,negative,15,1,15,billing is incorrect and i was charged twice this month my ticket number is 
TKT00540,app,I want to understand the warranty terms for this product. Please respond as soon as possible.,neutral,16,1,16,i want to understand the warranty terms for this product please respond as soon as possible
TKT00541,chat,Can you confirm whether my ticket has been assigned? My ticket number is 90276.,neutral,14,0,14,can you confirm whether my ticket has been assigned my ticket number is 
TKT00542,phone,I would like to know more about the available plans. My ticket number is 97646.,neutral,15,0,15,i would like to know more about the available plans my ticket number is 
TKT00543,social,The product quality is bad and I regret purchasing it.,negative,10,0,10,the product quality is bad and i regret purchasing it
TKT00544,email,Billing is incorrect and I was charged twice this month. Please respond as soon as possible.,negative,16,1,16,billing is incorrect and i was charged twice this month please respond as soon as possible
TKT00545,email,The delivery was smooth and the product quality is excellent. My ticket number is 96050.,positive,15,0,15,the delivery was smooth and the product quality is excellent my ticket number is 
TKT00546,social,The delivery was smooth and the product quality is excellent. I appreciate the quick response.,positive,15,0,15,the delivery was smooth and the product quality is excellent i appreciate the quick response
TKT00547,social,Great service and clear communication from the support team. I appreciate the quick response.,positive,14,0,14,great service and clear communication from the support team i appreciate the quick response
TKT00548,social,Can you share the status of my insurance policy request? Please respond as soon as possible.,neutral,16,1,16,can you share the status of my insurance policy request please respond as soon as possible
TKT00549,email,I need help finding the invoice for my last order. Please respond as soon as possible.,neutral,16,1,16,i need help finding the invoice for my last order please respond as soon as possible
TKT00550,app,The internet speed is slow and customer care is not helping.,negative,11,1,11,the internet speed is slow and customer care is not helping
TKT00551,chat,Great service and clear communication from the support team.,positive,9,0,9,great service and clear communication from the support team
TKT00552,app,I am satisfied with the plan and would recommend it to others.,positive,12,0,12,i am satisfied with the plan and would recommend it to others
TKT00553,phone,I am satisfied with the plan and would recommend it to others. My ticket number is 67350.,positive,17,0,17,i am satisfied with the plan and would recommend it to others my ticket number is 
TKT00554,app,I would like to know more about the available plans.,neutral,10,0,10,i would like to know more about the available plans
TKT00555,chat,Can you share the status of my service plan request? Please respond as soon as possible.,neutral,16,1,16,can you share the status of my service plan request please respond as soon as possible
TKT00556,social,Please provide the steps to activate profile update.,neutral,8,0,8,please provide the steps to activate profile update
TKT00557,app,Please tell me how to update my account details.,neutral,9,0,9,please tell me how to update my account details
TKT00558,app,The internet speed is slow and customer care is not helping.,negative,11,1,11,the internet speed is slow and customer care is not helping
TKT00559,social,I would like to know more about the available plans.,neutral,10,0,10,i would like to know more about the available plans
TKT00560,phone,I want to understand the warranty terms for this product. My ticket number is 43671.,neutral,15,0,15,i want to understand the warranty terms for this product my ticket number is 
TKT00561,app,I want to cancel because the service quality is poor and unreliable. My ticket number is 25930.,negative,17,1,17,i want to cancel because the service quality is poor and unreliable my ticket number is 
TKT00562,app,Please provide the steps to activate report download.,neutral,8,0,8,please provide the steps to activate report download
TKT00563,phone,I am satisfied with the plan and would recommend it to others.,positive,12,0,12,i am satisfied with the plan and would recommend it to others
TKT00564,phone,Please tell me how to update my account details.,neutral,9,0,9,please tell me how to update my account details
TKT00565,phone,The refund process was fast and convenient. I appreciate the quick response.,positive,12,0,12,the refund process was fast and convenient i appreciate the quick response
TKT00566,social,My refund is still pending and this experience is frustrating.,negative,10,0,10,my refund is still pending and this experience is frustrating
TKT00567,chat,I need information about the payment process.,neutral,7,0,7,i need information about the payment process
TKT00568,email,I have raised multiple tickets but nobody has fixed the problem. Please respond as soon as possible.,negative,17,1,17,i have raised multiple tickets but nobody has fixed the problem please respond as soon as possible
TKT00569,app,The delivery was late and the package arrived damaged. Please respond as soon as possible.,negative,15,1,15,the delivery was late and the package arrived damaged please respond as soon as possible
TKT00570,social,Great service and clear communication from the support team.,positive,9,0,9,great service and clear communication from the support team
TKT00571,phone,I like the new payment and it is easy to use. My ticket number is 12238.,positive,16,0,16,i like the new payment and it is easy to use my ticket number is 
TKT00572,app,The refund process was fast and convenient.,positive,7,0,7,the refund process was fast and convenient
TKT00573,email,Your support team resolved my issue quickly. Thank you.,positive,9,0,9,your support team resolved my issue quickly thank you
TKT00574,social,The service plan keeps failing and support has not resolved my issue. Please respond as soon as possible.,negative,18,1,18,the service plan keeps failing and support has not resolved my issue please respond as soon as possible
TKT00575,email,I need help finding the invoice for my last order. Please respond as soon as possible.,neutral,16,1,16,i need help finding the invoice for my last order please respond as soon as possible
TKT00576,phone,The installation was completed on time and everything works perfectly. I appreciate the quick response.,positive,15,0,15,the installation was completed on time and everything works perfectly i appreciate the quick response
TKT00577,email,The refund process was fast and convenient.,positive,7,0,7,the refund process was fast and convenient
TKT00578,phone,The internet speed is slow and customer care is not helping. My ticket number is 75541.,negative,16,1,16,the internet speed is slow and customer care is not helping my ticket number is 
TKT00579,chat,The app experience is smooth and reliable. My ticket number is 73789.,positive,12,0,12,the app experience is smooth and reliable my ticket number is 
TKT00580,phone,Please tell me how to update my account details.,neutral,9,0,9,please tell me how to update my account details
TKT00581,app,The delivery was smooth and the product quality is excellent.,positive,10,0,10,the delivery was smooth and the product quality is excellent
TKT00582,email,Please provide the steps to activate report download.,neutral,8,0,8,please provide the steps to activate report download
TKT00583,chat,Please provide the steps to activate tracking.,neutral,7,0,7,please provide the steps to activate tracking
TKT00584,app,The insurance policy keeps failing and support has not resolved my issue.,negative,12,1,12,the insurance policy keeps failing and support has not resolved my issue
TKT00585,app,I want to understand the warranty terms for this product.,neutral,10,0,10,i want to understand the warranty terms for this product
TKT00586,app,Please provide the steps to activate analytics.,neutral,7,0,7,please provide the steps to activate analytics
TKT00587,phone,I need information about the payment process.,neutral,7,0,7,i need information about the payment process
TKT00588,phone,I am very unhappy because my mobile app has not worked since last week.,negative,14,0,14,i am very unhappy because my mobile app has not worked since last week
TKT00589,phone,I am checking if there is any scheduled maintenance today. My ticket number is 99366.,neutral,15,0,15,i am checking if there is any scheduled maintenance today my ticket number is 
TKT00590,chat,Can you share the status of my service plan request?,neutral,10,0,10,can you share the status of my service plan request
TKT00591,app,I would like to know more about the available plans. My ticket number is 33714.,neutral,15,0,15,i would like to know more about the available plans my ticket number is 
TKT00592,chat,The delivery was smooth and the product quality is excellent. My ticket number is 33077. I appreciate the quick response.,positive,20,0,20,the delivery was smooth and the product quality is excellent my ticket number is  i appreciate the quick response
TKT00593,social,I would like to know more about the available plans.,neutral,10,0,10,i would like to know more about the available plans
TKT00594,social,The internet speed is slow and customer care is not helping. My ticket number is 48604. Please respond as soon as possible.,negative,22,1,22,the internet speed is slow and customer care is not helping my ticket number is  please respond as soon as possible
TKT00595,chat,Can you confirm whether my ticket has been assigned? Please respond as soon as possible.,neutral,15,1,15,can you confirm whether my ticket has been assigned please respond as soon as possible
TKT00596,email,The refund process was fast and convenient. I appreciate the quick response.,positive,12,0,12,the refund process was fast and convenient i appreciate the quick response
TKT00597,email,The refund process was fast and convenient. My ticket number is 62103.,positive,12,0,12,the refund process was fast and convenient my ticket number is 
TKT00598,chat,My refund is still pending and this experience is frustrating.,negative,10,1,10,my refund is still pending and this experience is frustrating
TKT00599,phone,Your support team resolved my issue quickly. Thank you. I appreciate the quick response.,positive,14,0,14,your support team resolved my issue quickly thank you i appreciate the quick response
TKT00600,phone,Can you share the status of my account request? My ticket number is 70140. Please respond as soon as possible.,neutral,20,1,20,can you share the status of my account request my ticket number is  please respond as soon as possible
TKT00601,app,I need information about the payment process.,neutral,7,0,7,i need information about the payment process
TKT00602,phone,Great service and clear communication from the support team. My ticket number is 62127.,positive,14,0,14,great service and clear communication from the support team my ticket number is 
TKT00603,social,I want to cancel because the service quality is poor and unreliable. Please respond as soon as possible.,negative,18,1,18,i want to cancel because the service quality is poor and unreliable please respond as soon as possible
TKT00604,social,The internet speed is slow and customer care is not helping. Please respond as soon as possible.,negative,17,1,17,the internet speed is slow and customer care is not helping please respond as soon as possible
TKT00605,app,Billing is incorrect and I was charged twice this month. My ticket number is 83821.,negative,15,1,15,billing is incorrect and i was charged twice this month my ticket number is 
TKT00606,phone,The app experience is smooth and reliable. I appreciate the quick response.,positive,12,0,12,the app experience is smooth and reliable i appreciate the quick response
TKT00607,email,The delivery was late and the package arrived damaged.,negative,9,1,9,the delivery was late and the package arrived damaged
TKT00608,phone,Can someone explain the difference between the plans?,neutral,8,0,8,can someone explain the difference between the plans
TKT00609,chat,The mobile app is working well and I am happy with the service. My ticket number is 23537.,positive,18,0,18,the mobile app is working well and i am happy with the service my ticket number is 
TKT00610,chat,Please tell me how to update my account details.,neutral,9,0,9,please tell me how to update my account details
TKT00611,chat,Can you confirm whether my ticket has been assigned? My ticket number is 30562.,neutral,14,0,14,can you confirm whether my ticket has been assigned my ticket number is 
TKT00612,phone,I want to cancel because the service quality is poor and unreliable. Please respond as soon as possible.,negative,18,1,18,i want to cancel because the service quality is poor and unreliable please respond as soon as possible
TKT00613,phone,I am satisfied with the plan and would recommend it to others.,positive,12,0,12,i am satisfied with the plan and would recommend it to others
TKT00614,chat,I am very unhappy because my insurance policy has not worked since after the recent update.,negative,16,0,16,i am very unhappy because my insurance policy has not worked since after the recent update
TKT00615,chat,I need information about the payment process.,neutral,7,0,7,i need information about the payment process
TKT00616,chat,Please tell me how to update my account details.,neutral,9,0,9,please tell me how to update my account details
TKT00617,phone,I have raised multiple tickets but nobody has fixed the problem. Please respond as soon as possible.,negative,17,1,17,i have raised multiple tickets but nobody has fixed the problem please respond as soon as possible
TKT00618,app,The refund process was fast and convenient. My ticket number is 41814.,positive,12,0,12,the refund process was fast and convenient my ticket number is 
TKT00619,email,The internet speed is slow and customer care is not helping. Please respond as soon as possible.,negative,17,1,17,the internet speed is slow and customer care is not helping please respond as soon as possible
TKT00620,email,I need help finding the invoice for my last order. My ticket number is 68738.,neutral,15,0,15,i need help finding the invoice for my last order my ticket number is 
TKT00621,phone,Please tell me how to update my account details. Please respond as soon as possible.,neutral,15,1,15,please tell me how to update my account details please respond as soon as possible
TKT00622,social,Billing is incorrect and I was charged twice this month. Please respond as soon as possible.,negative,16,1,16,billing is incorrect and i was charged twice this month please respond as soon as possible
TKT00623,email,Please provide the steps to activate profile update. Please respond as soon as possible.,neutral,14,1,14,please provide the steps to activate profile update please respond as soon as possible
TKT00624,social,The refund process was fast and convenient. My ticket number is 84852.,positive,12,0,12,the refund process was fast and convenient my ticket number is 
TKT00625,chat,I am satisfied with the plan and would recommend it to others. My ticket number is 23879. I appreciate the quick response.,positive,22,0,22,i am satisfied with the plan and would recommend it to others my ticket number is  i appreciate the quick response
TKT00626,email,I am satisfied with the plan and would recommend it to others. My ticket number is 28294. I appreciate the quick response.,positive,22,0,22,i am satisfied with the plan and would recommend it to others my ticket number is  i appreciate the quick response
TKT00627,app,I am very unhappy because my service plan has not worked since after the recent update. Please respond as soon as possible.,negative,22,1,22,i am very unhappy because my service plan has not worked since after the recent update please respond as soon as possible
TKT00628,chat,Please tell me how to update my account details. My ticket number is 22245.,neutral,14,0,14,please tell me how to update my account details my ticket number is 
TKT00629,social,The response from the team was helpful and professional. My ticket number is 10973.,positive,14,0,14,the response from the team was helpful and professional my ticket number is 
TKT00630,chat,Can you share the status of my dashboard request? Please respond as soon as possible.,neutral,15,1,15,can you share the status of my dashboard request please respond as soon as possible
TKT00631,email,The delivery was smooth and the product quality is excellent.,positive,10,0,10,the delivery was smooth and the product quality is excellent
TKT00632,phone,The internet speed is slow and customer care is not helping. My ticket number is 78126.,negative,16,0,16,the internet speed is slow and customer care is not helping my ticket number is 
TKT00633,app,Great service and clear communication from the support team.,positive,9,0,9,great service and clear communication from the support team
TKT00634,phone,I want to cancel because the service quality is poor and unreliable.,negative,12,0,12,i want to cancel because the service quality is poor and unreliable
TKT00635,chat,The delivery was late and the package arrived damaged.,negative,9,0,9,the delivery was late and the package arrived damaged
TKT00636,phone,The app crashes whenever I try to use payment. My ticket number is 96990.,negative,14,1,14,the app crashes whenever i try to use payment my ticket number is 
TKT00637,email,Can someone explain the difference between the plans?,neutral,8,0,8,can someone explain the difference between the plans
TKT00638,email,I want to cancel because the service quality is poor and unreliable. My ticket number is 84675.,negative,17,0,17,i want to cancel because the service quality is poor and unreliable my ticket number is 
TKT00639,phone,Please provide the steps to activate tracking. My ticket number is 63727.,neutral,12,0,12,please provide the steps to activate tracking my ticket number is 
TKT00640,phone,I am satisfied with the plan and would recommend it to others. My ticket number is 18749.,positive,17,0,17,i am satisfied with the plan and would recommend it to others my ticket number is 
TKT00641,chat,Can you share the status of my insurance policy request? Please respond as soon as possible.,neutral,16,1,16,can you share the status of my insurance policy request please respond as soon as possible
TKT00642,social,The delivery was late and the package arrived damaged. My ticket number is 70775. Please respond as soon as possible.,negative,20,1,20,the delivery was late and the package arrived damaged my ticket number is  please respond as soon as possible
TKT00643,app,I am very unhappy because my subscription has not worked since yesterday. Please respond as soon as possible.,negative,18,1,18,i am very unhappy because my subscription has not worked since yesterday please respond as soon as possible
TKT00644,email,I want to understand the warranty terms for this product. My ticket number is 99795.,neutral,15,0,15,i want to understand the warranty terms for this product my ticket number is 
TKT00645,phone,Please provide the steps to activate profile update. My ticket number is 78907.,neutral,13,0,13,please provide the steps to activate profile update my ticket number is 
TKT00646,app,The product quality is bad and I regret purchasing it. My ticket number is 45569.,negative,15,1,15,the product quality is bad and i regret purchasing it my ticket number is 
TKT00647,social,I need information about the payment process. Please respond as soon as possible.,neutral,13,1,13,i need information about the payment process please respond as soon as possible
TKT00648,phone,The dashboard keeps failing and support has not resolved my issue.,negative,11,1,11,the dashboard keeps failing and support has not resolved my issue
TKT00649,app,The response from the team was helpful and professional. My ticket number is 71586.,positive,14,0,14,the response from the team was helpful and professional my ticket number is 
TKT00650,phone,I am checking if there is any scheduled maintenance today. Please respond as soon as possible.,neutral,16,1,16,i am checking if there is any scheduled maintenance today please respond as soon as possible
TKT00651,phone,Please tell me how to update my account details.,neutral,9,0,9,please tell me how to update my account details
TKT00652,chat,My refund is still pending and this experience is frustrating.,negative,10,0,10,my refund is still pending and this experience is frustrating
TKT00653,phone,I want to cancel because the service quality is poor and unreliable.,negative,12,1,12,i want to cancel because the service quality is poor and unreliable
TKT00654,social,The internet speed is slow and customer care is not helping.,negative,11,0,11,the internet speed is slow and customer care is not helping
TKT00655,phone,The installation was completed on time and everything works perfectly. I appreciate the quick response.,positive,15,0,15,the installation was completed on time and everything works perfectly i appreciate the quick response
TKT00656,social,Great service and clear communication from the support team. I appreciate the quick response.,positive,14,0,14,great service and clear communication from the support team i appreciate the quick response
TKT00657,phone,Can you confirm whether my ticket has been assigned?,neutral,9,0,9,can you confirm whether my ticket has been assigned
TKT00658,app,I am very unhappy because my subscription has not worked since last week.,negative,13,0,13,i am very unhappy because my subscription has not worked since last week
TKT00659,social,The response from the team was helpful and professional.,positive,9,0,9,the response from the team was helpful and professional
TKT00660,phone,Can you share the status of my insurance policy request? My ticket number is 98075.,neutral,15,0,15,can you share the status of my insurance policy request my ticket number is 
TKT00661,social,Please provide the steps to activate analytics.,neutral,7,0,7,please provide the steps to activate analytics
TKT00662,app,The delivery was late and the package arrived damaged. Please respond as soon as possible.,negative,15,1,15,the delivery was late and the package arrived damaged please respond as soon as possible
TKT00663,app,I am satisfied with the plan and would recommend it to others. I appreciate the quick response.,positive,17,0,17,i am satisfied with the plan and would recommend it to others i appreciate the quick response
TKT00664,phone,The refund process was fast and convenient. I appreciate the quick response.,positive,12,0,12,the refund process was fast and convenient i appreciate the quick response
TKT00665,chat,The installation was completed on time and everything works perfectly.,positive,10,0,10,the installation was completed on time and everything works perfectly
TKT00666,social,I would like to know more about the available plans. My ticket number is 69562.,neutral,15,0,15,i would like to know more about the available plans my ticket number is 
TKT00667,phone,Can you confirm whether my ticket has been assigned?,neutral,9,0,9,can you confirm whether my ticket has been assigned
TKT00668,chat,I like the new report download and it is easy to use.,positive,12,0,12,i like the new report download and it is easy to use
TKT00669,email,Billing is incorrect and I was charged twice this month. My ticket number is 63025.,negative,15,0,15,billing is incorrect and i was charged twice this month my ticket number is 
TKT00670,social,Please tell me how to update my account details.,neutral,9,0,9,please tell me how to update my account details
TKT00671,chat,I would like to know more about the available plans.,neutral,10,0,10,i would like to know more about the available plans
TKT00672,chat,I want to understand the warranty terms for this product.,neutral,10,0,10,i want to understand the warranty terms for this product
TKT00673,phone,I want to cancel because the service quality is poor and unreliable.,negative,12,0,12,i want to cancel because the service quality is poor and unreliable
TKT00674,social,The response from the team was helpful and professional. I appreciate the quick response.,positive,14,0,14,the response from the team was helpful and professional i appreciate the quick response
TKT00675,email,I would like to know more about the available plans. Please respond as soon as possible.,neutral,16,1,16,i would like to know more about the available plans please respond as soon as possible
TKT00676,social,The refund process was fast and convenient. My ticket number is 86050.,positive,12,0,12,the refund process was fast and convenient my ticket number is 
TKT00677,phone,Your support team resolved my issue quickly. Thank you.,positive,9,0,9,your support team resolved my issue quickly thank you
TKT00678,email,I like the new report download and it is easy to use.,positive,12,0,12,i like the new report download and it is easy to use
TKT00679,chat,Can you confirm whether my ticket has been assigned? Please respond as soon as possible.,neutral,15,1,15,can you confirm whether my ticket has been assigned please respond as soon as possible
TKT00680,social,The installation was completed on time and everything works perfectly.,positive,10,0,10,the installation was completed on time and everything works perfectly
TKT00681,email,I would like to know more about the available plans.,neutral,10,0,10,i would like to know more about the available plans
TKT00682,chat,The installation was completed on time and everything works perfectly.,positive,10,0,10,the installation was completed on time and everything works perfectly
TKT00683,chat,I have raised multiple tickets but nobody has fixed the problem.,negative,11,0,11,i have raised multiple tickets but nobody has fixed the problem
TKT00684,email,The delivery was smooth and the product quality is excellent. My ticket number is 71797.,positive,15,0,15,the delivery was smooth and the product quality is excellent my ticket number is 
TKT00685,social,Please provide the steps to activate video call.,neutral,8,0,8,please provide the steps to activate video call
TKT00686,chat,The router is working well and I am happy with the service.,positive,12,0,12,the router is working well and i am happy with the service
TKT00687,email,Great service and clear communication from the support team. My ticket number is 68820.,positive,14,0,14,great service and clear communication from the support team my ticket number is 
TKT00688,social,I need help finding the invoice for my last order. My ticket number is 16281. Please respond as soon as possible.,neutral,21,1,21,i need help finding the invoice for my last order my ticket number is  please respond as soon as possible
TKT00689,social,Can you share the status of my router request?,neutral,9,0,9,can you share the status of my router request
TKT00690,email,Great service and clear communication from the support team.,positive,9,0,9,great service and clear communication from the support team
TKT00691,phone,Can you share the status of my service plan request?,neutral,10,0,10,can you share the status of my service plan request
TKT00692,social,The delivery was smooth and the product quality is excellent. My ticket number is 80757. I appreciate the quick response.,positive,20,0,20,the delivery was smooth and the product quality is excellent my ticket number is  i appreciate the quick response
TKT00693,chat,I need help finding the invoice for my last order.,neutral,10,0,10,i need help finding the invoice for my last order
TKT00694,chat,I am very unhappy because my mobile app has not worked since last week.,negative,14,0,14,i am very unhappy because my mobile app has not worked since last week
TKT00695,app,The refund process was fast and convenient. My ticket number is 52737.,positive,12,0,12,the refund process was fast and convenient my ticket number is 
TKT00696,email,Please tell me how to update my account details.,neutral,9,0,9,please tell me how to update my account details
TKT00697,social,I am very unhappy because my account has not worked since three days ago. My ticket number is 59012. Please respond as soon as possible.,negative,25,1,25,i am very unhappy because my account has not worked since three days ago my ticket number is  please respond as soon as possible
TKT00698,social,The mobile app keeps failing and support has not resolved my issue. Please respond as soon as possible.,negative,18,1,18,the mobile app keeps failing and support has not resolved my issue please respond as soon as possible
TKT00699,app,The installation was completed on time and everything works perfectly. My ticket number is 59377.,positive,15,0,15,the installation was completed on time and everything works perfectly my ticket number is 
TKT00700,phone,I have raised multiple tickets but nobody has fixed the problem. My ticket number is 50414. Please respond as soon as possible.,negative,22,1,22,i have raised multiple tickets but nobody has fixed the problem my ticket number is  please respond as soon as possible
TKT00701,phone,Billing is incorrect and I was charged twice this month.,negative,10,0,10,billing is incorrect and i was charged twice this month
TKT00702,social,I need information about the payment process. Please respond as soon as possible.,neutral,13,1,13,i need information about the payment process please respond as soon as possible
TKT00703,chat,I am checking if there is any scheduled maintenance today.,neutral,10,0,10,i am checking if there is any scheduled maintenance today
TKT00704,social,The delivery was smooth and the product quality is excellent.,positive,10,0,10,the delivery was smooth and the product quality is excellent
TKT00705,social,Great service and clear communication from the support team. My ticket number is 58867.,positive,14,0,14,great service and clear communication from the support team my ticket number is 
TKT00706,chat,The delivery was smooth and the product quality is excellent. My ticket number is 78738.,positive,15,0,15,the delivery was smooth and the product quality is excellent my ticket number is 
TKT00707,app,The installation was completed on time and everything works perfectly. I appreciate the quick response.,positive,15,0,15,the installation was completed on time and everything works perfectly i appreciate the quick response
TKT00708,social,The installation was completed on time and everything works perfectly.,positive,10,0,10,the installation was completed on time and everything works perfectly
TKT00709,app,The installation was completed on time and everything works perfectly.,positive,10,0,10,the installation was completed on time and everything works perfectly
TKT00710,app,The refund process was fast and convenient.,positive,7,0,7,the refund process was fast and convenient
TKT00711,social,The insurance policy keeps failing and support has not resolved my issue. My ticket number is 78584.,negative,17,0,17,the insurance policy keeps failing and support has not resolved my issue my ticket number is 
TKT00712,social,Your support team resolved my issue quickly. Thank you. I appreciate the quick response.,positive,14,0,14,your support team resolved my issue quickly thank you i appreciate the quick response
TKT00713,app,I want to cancel because the service quality is poor and unreliable. My ticket number is 18716.,negative,17,1,17,i want to cancel because the service quality is poor and unreliable my ticket number is 
TKT00714,social,The delivery was smooth and the product quality is excellent.,positive,10,0,10,the delivery was smooth and the product quality is excellent
TKT00715,social,I have raised multiple tickets but nobody has fixed the problem.,negative,11,1,11,i have raised multiple tickets but nobody has fixed the problem
TKT00716,chat,Can you share the status of my dashboard request? My ticket number is 97441.,neutral,14,0,14,can you share the status of my dashboard request my ticket number is 
TKT00717,email,I am very unhappy because my order has not worked since yesterday.,negative,12,0,12,i am very unhappy because my order has not worked since yesterday
TKT00718,phone,I am checking if there is any scheduled maintenance today. Please respond as soon as possible.,neutral,16,1,16,i am checking if there is any scheduled maintenance today please respond as soon as possible
TKT00719,social,I need help finding the invoice for my last order.,neutral,10,0,10,i need help finding the invoice for my last order
TKT00720,phone,The order is working well and I am happy with the service. My ticket number is 10565. I appreciate the quick response.,positive,22,0,22,the order is working well and i am happy with the service my ticket number is  i appreciate the quick response
TKT00721,app,I am very unhappy because my service plan has not worked since this morning. My ticket number is 78969.,negative,19,1,19,i am very unhappy because my service plan has not worked since this morning my ticket number is 
TKT00722,chat,I have raised multiple tickets but nobody has fixed the problem.,negative,11,1,11,i have raised multiple tickets but nobody has fixed the problem
TKT00723,email,The insurance policy keeps failing and support has not resolved my issue. My ticket number is 63045. Please respond as soon as possible.,negative,23,1,23,the insurance policy keeps failing and support has not resolved my issue my ticket number is  please respond as soon as possible
TKT00724,email,I am checking if there is any scheduled maintenance today.,neutral,10,0,10,i am checking if there is any scheduled maintenance today
TKT00725,social,The mobile app keeps failing and support has not resolved my issue.,negative,12,0,12,the mobile app keeps failing and support has not resolved my issue
TKT00726,chat,I would like to know more about the available plans. My ticket number is 15284. Please respond as soon as possible.,neutral,21,1,21,i would like to know more about the available plans my ticket number is  please respond as soon as possible
TKT00727,phone,The response from the team was helpful and professional. I appreciate the quick response.,positive,14,0,14,the response from the team was helpful and professional i appreciate the quick response
TKT00728,email,Can you share the status of my service plan request?,neutral,10,0,10,can you share the status of my service plan request
TKT00729,app,The service plan is working well and I am happy with the service. My ticket number is 89731. I appreciate the quick response.,positive,23,0,23,the service plan is working well and i am happy with the service my ticket number is  i appreciate the quick response
TKT00730,chat,Can someone explain the difference between the plans?,neutral,8,0,8,can someone explain the difference between the plans
TKT00731,phone,The installation was completed on time and everything works perfectly. I appreciate the quick response.,positive,15,0,15,the installation was completed on time and everything works perfectly i appreciate the quick response
TKT00732,email,The order keeps failing and support has not resolved my issue.,negative,11,0,11,the order keeps failing and support has not resolved my issue
TKT00733,email,The internet speed is slow and customer care is not helping.,negative,11,0,11,the internet speed is slow and customer care is not helping
TKT00734,email,The service plan is working well and I am happy with the service. My ticket number is 11482.,positive,18,0,18,the service plan is working well and i am happy with the service my ticket number is 
TKT00735,chat,I am satisfied with the plan and would recommend it to others. My ticket number is 12408.,positive,17,0,17,i am satisfied with the plan and would recommend it to others my ticket number is 
TKT00736,chat,Can someone explain the difference between the plans? Please respond as soon as possible.,neutral,14,1,14,can someone explain the difference between the plans please respond as soon as possible
TKT00737,social,Please provide the steps to activate login.,neutral,7,0,7,please provide the steps to activate login
TKT00738,phone,Can you confirm whether my ticket has been assigned? Please respond as soon as possible.,neutral,15,1,15,can you confirm whether my ticket has been assigned please respond as soon as possible
TKT00739,chat,The app crashes whenever I try to use profile update.,negative,10,1,10,the app crashes whenever i try to use profile update
TKT00740,app,I am satisfied with the plan and would recommend it to others. My ticket number is 34887.,positive,17,0,17,i am satisfied with the plan and would recommend it to others my ticket number is 
TKT00741,email,I am very unhappy because my subscription has not worked since this morning. My ticket number is 89314.,negative,18,0,18,i am very unhappy because my subscription has not worked since this morning my ticket number is 
TKT00742,phone,Can you share the status of my router request?,neutral,9,0,9,can you share the status of my router request
TKT00743,email,Your support team resolved my issue quickly. Thank you.,positive,9,0,9,your support team resolved my issue quickly thank you
TKT00744,email,I have raised multiple tickets but nobody has fixed the problem. My ticket number is 62342.,negative,16,0,16,i have raised multiple tickets but nobody has fixed the problem my ticket number is 
TKT00745,chat,Please provide the steps to activate analytics.,neutral,7,0,7,please provide the steps to activate analytics
TKT00746,phone,The app crashes whenever I try to use report download.,negative,10,1,10,the app crashes whenever i try to use report download
TKT00747,app,I am very unhappy because my mobile app has not worked since yesterday. Please respond as soon as possible.,negative,19,1,19,i am very unhappy because my mobile app has not worked since yesterday please respond as soon as possible
TKT00748,app,The installation was completed on time and everything works perfectly. My ticket number is 73690.,positive,15,0,15,the installation was completed on time and everything works perfectly my ticket number is 
TKT00749,phone,Billing is incorrect and I was charged twice this month.,negative,10,0,10,billing is incorrect and i was charged twice this month
TKT00750,app,I am very unhappy because my mobile app has not worked since yesterday.,negative,13,1,13,i am very unhappy because my mobile app has not worked since yesterday
TKT00751,email,The app experience is smooth and reliable. I appreciate the quick response.,positive,12,0,12,the app experience is smooth and reliable i appreciate the quick response
TKT00752,email,Can you share the status of my dashboard request? Please respond as soon as possible.,neutral,15,1,15,can you share the status of my dashboard request please respond as soon as possible
TKT00753,email,My refund is still pending and this experience is frustrating.,negative,10,0,10,my refund is still pending and this experience is frustrating
TKT00754,chat,The installation was completed on time and everything works perfectly. My ticket number is 41097.,positive,15,0,15,the installation was completed on time and everything works perfectly my ticket number is 
TKT00755,app,Can you share the status of my account request?,neutral,9,0,9,can you share the status of my account request
TKT00756,chat,The installation was completed on time and everything works perfectly.,positive,10,0,10,the installation was completed on time and everything works perfectly
TKT00757,app,The subscription is working well and I am happy with the service. My ticket number is 70747.,positive,17,0,17,the subscription is working well and i am happy with the service my ticket number is 
TKT00758,phone,I am satisfied with the plan and would recommend it to others. I appreciate the quick response.,positive,17,0,17,i am satisfied with the plan and would recommend it to others i appreciate the quick response
TKT00759,email,The installation was completed on time and everything works perfectly. My ticket number is 21870. I appreciate the quick response.,positive,20,0,20,the installation was completed on time and everything works perfectly my ticket number is  i appreciate the quick response
TKT00760,phone,I would like to know more about the available plans.,neutral,10,0,10,i would like to know more about the available plans
TKT00761,chat,The refund process was fast and convenient.,positive,7,0,7,the refund process was fast and convenient
TKT00762,app,The product quality is bad and I regret purchasing it.,negative,10,1,10,the product quality is bad and i regret purchasing it
TKT00763,chat,Billing is incorrect and I was charged twice this month.,negative,10,1,10,billing is incorrect and i was charged twice this month
TKT00764,phone,The refund process was fast and convenient.,positive,7,0,7,the refund process was fast and convenient
TKT00765,chat,Can you share the status of my router request? Please respond as soon as possible.,neutral,15,1,15,can you share the status of my router request please respond as soon as possible
TKT00766,app,I would like to know more about the available plans. My ticket number is 17073.,neutral,15,0,15,i would like to know more about the available plans my ticket number is 
TKT00767,phone,I want to understand the warranty terms for this product. My ticket number is 37418.,neutral,15,0,15,i want to understand the warranty terms for this product my ticket number is 
TKT00768,email,The product quality is bad and I regret purchasing it.,negative,10,1,10,the product quality is bad and i regret purchasing it
TKT00769,email,I want to understand the warranty terms for this product. Please respond as soon as possible.,neutral,16,1,16,i want to understand the warranty terms for this product please respond as soon as possible
TKT00770,chat,Great service and clear communication from the support team.,positive,9,0,9,great service and clear communication from the support team
TKT00771,app,Please provide the steps to activate video call.,neutral,8,0,8,please provide the steps to activate video call
TKT00772,chat,My refund is still pending and this experience is frustrating.,negative,10,0,10,my refund is still pending and this experience is frustrating
TKT00773,email,The app experience is smooth and reliable. My ticket number is 10783.,positive,12,0,12,the app experience is smooth and reliable my ticket number is 
TKT00774,chat,Please tell me how to update my account details. Please respond as soon as possible.,neutral,15,1,15,please tell me how to update my account details please respond as soon as possible
TKT00775,email,I need help finding the invoice for my last order. My ticket number is 63067.,neutral,15,0,15,i need help finding the invoice for my last order my ticket number is 
TKT00776,app,My refund is still pending and this experience is frustrating.,negative,10,0,10,my refund is still pending and this experience is frustrating
TKT00777,social,I need help finding the invoice for my last order.,neutral,10,0,10,i need help finding the invoice for my last order
TKT00778,email,The delivery was smooth and the product quality is excellent. My ticket number is 41234.,positive,15,0,15,the delivery was smooth and the product quality is excellent my ticket number is 
TKT00779,chat,Can you confirm whether my ticket has been assigned?,neutral,9,0,9,can you confirm whether my ticket has been assigned
TKT00780,social,Can you confirm whether my ticket has been assigned? Please respond as soon as possible.,neutral,15,1,15,can you confirm whether my ticket has been assigned please respond as soon as possible
TKT00781,phone,I need help finding the invoice for my last order.,neutral,10,0,10,i need help finding the invoice for my last order
TKT00782,app,I am satisfied with the plan and would recommend it to others.,positive,12,0,12,i am satisfied with the plan and would recommend it to others
TKT00783,email,I need help finding the invoice for my last order. Please respond as soon as possible.,neutral,16,1,16,i need help finding the invoice for my last order please respond as soon as possible
TKT00784,app,The refund process was fast and convenient. I appreciate the quick response.,positive,12,0,12,the refund process was fast and convenient i appreciate the quick response
TKT00785,email,The delivery was smooth and the product quality is excellent. I appreciate the quick response.,positive,15,0,15,the delivery was smooth and the product quality is excellent i appreciate the quick response
TKT00786,email,Can someone explain the difference between the plans?,neutral,8,0,8,can someone explain the difference between the plans
TKT00787,email,The app experience is smooth and reliable.,positive,7,0,7,the app experience is smooth and reliable
TKT00788,email,The app crashes whenever I try to use analytics. Please respond as soon as possible.,negative,15,1,15,the app crashes whenever i try to use analytics please respond as soon as possible
TKT00789,app,Can you confirm whether my ticket has been assigned? My ticket number is 98525.,neutral,14,0,14,can you confirm whether my ticket has been assigned my ticket number is 
TKT00790,email,I want to understand the warranty terms for this product.,neutral,10,0,10,i want to understand the warranty terms for this product
TKT00791,social,The refund process was fast and convenient. My ticket number is 63062. I appreciate the quick response.,positive,17,0,17,the refund process was fast and convenient my ticket number is  i appreciate the quick response
TKT00792,app,I want to understand the warranty terms for this product.,neutral,10,0,10,i want to understand the warranty terms for this product
TKT00793,social,The product quality is bad and I regret purchasing it. Please respond as soon as possible.,negative,16,1,16,the product quality is bad and i regret purchasing it please respond as soon as possible
TKT00794,social,I need help finding the invoice for my last order.,neutral,10,0,10,i need help finding the invoice for my last order
TKT00795,chat,I need help finding the invoice for my last order.,neutral,10,0,10,i need help finding the invoice for my last order
TKT00796,app,Billing is incorrect and I was charged twice this month. My ticket number is 39154.,negative,15,1,15,billing is incorrect and i was charged twice this month my ticket number is 
TKT00797,chat,The mobile app keeps failing and support has not resolved my issue.,negative,12,0,12,the mobile app keeps failing and support has not resolved my issue
TKT00798,chat,I am very unhappy because my router has not worked since this morning.,negative,13,0,13,i am very unhappy because my router has not worked since this morning
TKT00799,app,The delivery was late and the package arrived damaged. My ticket number is 93489. Please respond as soon as possible.,negative,20,1,20,the delivery was late and the package arrived damaged my ticket number is  please respond as soon as possible
TKT00800,chat,Great service and clear communication from the support team.,positive,9,0,9,great service and clear communication from the support team
TKT00801,app,My refund is still pending and this experience is frustrating.,negative,10,1,10,my refund is still pending and this experience is frustrating
TKT00802,phone,Please provide the steps to activate video call.,neutral,8,0,8,please provide the steps to activate video call
TKT00803,app,I need help finding the invoice for my last order.,neutral,10,0,10,i need help finding the invoice for my last order
TKT00804,email,I need help finding the invoice for my last order.,neutral,10,0,10,i need help finding the invoice for my last order
TKT00805,social,The app experience is smooth and reliable. I appreciate the quick response.,positive,12,0,12,the app experience is smooth and reliable i appreciate the quick response
TKT00806,app,I want to cancel because the service quality is poor and unreliable. Please respond as soon as possible.,negative,18,1,18,i want to cancel because the service quality is poor and unreliable please respond as soon as possible
TKT00807,app,The app crashes whenever I try to use profile update.,negative,10,0,10,the app crashes whenever i try to use profile update
TKT00808,app,The app crashes whenever I try to use notifications. Please respond as soon as possible.,negative,15,1,15,the app crashes whenever i try to use notifications please respond as soon as possible
TKT00809,app,Can you share the status of my subscription request?,neutral,9,0,9,can you share the status of my subscription request
TKT00810,phone,The delivery was smooth and the product quality is excellent. My ticket number is 60150.,positive,15,0,15,the delivery was smooth and the product quality is excellent my ticket number is 
TKT00811,phone,I want to cancel because the service quality is poor and unreliable. My ticket number is 77147.,negative,17,0,17,i want to cancel because the service quality is poor and unreliable my ticket number is 
TKT00812,chat,The delivery was late and the package arrived damaged. Please respond as soon as possible.,negative,15,1,15,the delivery was late and the package arrived damaged please respond as soon as possible
TKT00813,email,The app experience is smooth and reliable. My ticket number is 42132.,positive,12,0,12,the app experience is smooth and reliable my ticket number is 
TKT00814,chat,The response from the team was helpful and professional.,positive,9,0,9,the response from the team was helpful and professional
TKT00815,email,The app crashes whenever I try to use video call.,negative,10,1,10,the app crashes whenever i try to use video call
TKT00816,social,The product quality is bad and I regret purchasing it.,negative,10,0,10,the product quality is bad and i regret purchasing it
TKT00817,phone,The delivery was smooth and the product quality is excellent. I appreciate the quick response.,positive,15,0,15,the delivery was smooth and the product quality is excellent i appreciate the quick response
TKT00818,phone,Can you confirm whether my ticket has been assigned?,neutral,9,0,9,can you confirm whether my ticket has been assigned
TKT00819,phone,The refund process was fast and convenient. I appreciate the quick response.,positive,12,0,12,the refund process was fast and convenient i appreciate the quick response
TKT00820,social,I need information about the payment process.,neutral,7,0,7,i need information about the payment process
TKT00821,email,Billing is incorrect and I was charged twice this month. My ticket number is 29285.,negative,15,0,15,billing is incorrect and i was charged twice this month my ticket number is 
TKT00822,email,Your support team resolved my issue quickly. Thank you.,positive,9,0,9,your support team resolved my issue quickly thank you
TKT00823,app,Can you confirm whether my ticket has been assigned? My ticket number is 67674.,neutral,14,0,14,can you confirm whether my ticket has been assigned my ticket number is 
TKT00824,email,Billing is incorrect and I was charged twice this month.,negative,10,0,10,billing is incorrect and i was charged twice this month
TKT00825,chat,Please provide the steps to activate tracking. My ticket number is 78417.,neutral,12,0,12,please provide the steps to activate tracking my ticket number is 
TKT00826,chat,I am satisfied with the plan and would recommend it to others. I appreciate the quick response.,positive,17,0,17,i am satisfied with the plan and would recommend it to others i appreciate the quick response
TKT00827,app,Billing is incorrect and I was charged twice this month.,negative,10,1,10,billing is incorrect and i was charged twice this month
TKT00828,email,I am checking if there is any scheduled maintenance today.,neutral,10,0,10,i am checking if there is any scheduled maintenance today
TKT00829,email,Please tell me how to update my account details. My ticket number is 79419.,neutral,14,0,14,please tell me how to update my account details my ticket number is 
TKT00830,phone,Can someone explain the difference between the plans?,neutral,8,0,8,can someone explain the difference between the plans
TKT00831,chat,Please provide the steps to activate profile update. My ticket number is 70315.,neutral,13,0,13,please provide the steps to activate profile update my ticket number is 
TKT00832,social,I would like to know more about the available plans.,neutral,10,0,10,i would like to know more about the available plans
TKT00833,social,Billing is incorrect and I was charged twice this month.,negative,10,0,10,billing is incorrect and i was charged twice this month
TKT00834,chat,The internet speed is slow and customer care is not helping. My ticket number is 68349.,negative,16,1,16,the internet speed is slow and customer care is not helping my ticket number is 
TKT00835,social,I would like to know more about the available plans. Please respond as soon as possible.,neutral,16,1,16,i would like to know more about the available plans please respond as soon as possible
TKT00836,app,The internet speed is slow and customer care is not helping.,negative,11,0,11,the internet speed is slow and customer care is not helping
TKT00837,chat,My refund is still pending and this experience is frustrating.,negative,10,0,10,my refund is still pending and this experience is frustrating
TKT00838,chat,The app experience is smooth and reliable. My ticket number is 62317.,positive,12,0,12,the app experience is smooth and reliable my ticket number is 
TKT00839,social,The product quality is bad and I regret purchasing it.,negative,10,1,10,the product quality is bad and i regret purchasing it
TKT00840,email,Can someone explain the difference between the plans?,neutral,8,0,8,can someone explain the difference between the plans
TKT00841,social,I am checking if there is any scheduled maintenance today.,neutral,10,0,10,i am checking if there is any scheduled maintenance today
TKT00842,chat,The subscription keeps failing and support has not resolved my issue. My ticket number is 73051.,negative,16,0,16,the subscription keeps failing and support has not resolved my issue my ticket number is 
TKT00843,app,I need help finding the invoice for my last order.,neutral,10,0,10,i need help finding the invoice for my last order
TKT00844,app,I need help finding the invoice for my last order. Please respond as soon as possible.,neutral,16,1,16,i need help finding the invoice for my last order please respond as soon as possible
TKT00845,app,My refund is still pending and this experience is frustrating.,negative,10,1,10,my refund is still pending and this experience is frustrating
TKT00846,email,I would like to know more about the available plans.,neutral,10,0,10,i would like to know more about the available plans
TKT00847,social,I want to understand the warranty terms for this product. My ticket number is 22270.,neutral,15,0,15,i want to understand the warranty terms for this product my ticket number is 
TKT00848,social,I need information about the payment process. My ticket number is 58187.,neutral,12,0,12,i need information about the payment process my ticket number is 
TKT00849,email,The account keeps failing and support has not resolved my issue.,negative,11,0,11,the account keeps failing and support has not resolved my issue
TKT00850,email,I like the new login and it is easy to use.,positive,11,0,11,i like the new login and it is easy to use
TKT00851,app,Billing is incorrect and I was charged twice this month.,negative,10,0,10,billing is incorrect and i was charged twice this month
TKT00852,phone,Please tell me how to update my account details.,neutral,9,0,9,please tell me how to update my account details
TKT00853,app,I am checking if there is any scheduled maintenance today.,neutral,10,0,10,i am checking if there is any scheduled maintenance today
TKT00854,app,The router is working well and I am happy with the service.,positive,12,0,12,the router is working well and i am happy with the service
TKT00855,chat,The internet speed is slow and customer care is not helping.,negative,11,0,11,the internet speed is slow and customer care is not helping
TKT00856,chat,Please tell me how to update my account details.,neutral,9,0,9,please tell me how to update my account details
TKT00857,phone,The delivery was smooth and the product quality is excellent.,positive,10,0,10,the delivery was smooth and the product quality is excellent
TKT00858,phone,I need information about the payment process. My ticket number is 58869. Please respond as soon as possible.,neutral,18,1,18,i need information about the payment process my ticket number is  please respond as soon as possible
TKT00859,phone,Can you confirm whether my ticket has been assigned? My ticket number is 71153.,neutral,14,0,14,can you confirm whether my ticket has been assigned my ticket number is 
TKT00860,phone,Billing is incorrect and I was charged twice this month. My ticket number is 26034.,negative,15,0,15,billing is incorrect and i was charged twice this month my ticket number is 
TKT00861,phone,I would like to know more about the available plans. My ticket number is 18341.,neutral,15,0,15,i would like to know more about the available plans my ticket number is 
TKT00862,phone,I want to cancel because the service quality is poor and unreliable.,negative,12,0,12,i want to cancel because the service quality is poor and unreliable
TKT00863,email,Your support team resolved my issue quickly. Thank you.,positive,9,0,9,your support team resolved my issue quickly thank you
TKT00864,chat,The response from the team was helpful and professional. My ticket number is 26837.,positive,14,0,14,the response from the team was helpful and professional my ticket number is 
TKT00865,phone,Can you confirm whether my ticket has been assigned?,neutral,9,0,9,can you confirm whether my ticket has been assigned
TKT00866,app,The dashboard is working well and I am happy with the service. I appreciate the quick response.,positive,17,0,17,the dashboard is working well and i am happy with the service i appreciate the quick response
TKT00867,chat,I would like to know more about the available plans. Please respond as soon as possible.,neutral,16,1,16,i would like to know more about the available plans please respond as soon as possible
TKT00868,chat,The refund process was fast and convenient.,positive,7,0,7,the refund process was fast and convenient
TKT00869,email,The delivery was smooth and the product quality is excellent.,positive,10,0,10,the delivery was smooth and the product quality is excellent
TKT00870,social,I like the new profile update and it is easy to use. My ticket number is 65178.,positive,17,0,17,i like the new profile update and it is easy to use my ticket number is 
TKT00871,phone,Your support team resolved my issue quickly. Thank you. My ticket number is 29624.,positive,14,0,14,your support team resolved my issue quickly thank you my ticket number is 
TKT00872,phone,Your support team resolved my issue quickly. Thank you. I appreciate the quick response.,positive,14,0,14,your support team resolved my issue quickly thank you i appreciate the quick response
TKT00873,app,I have raised multiple tickets but nobody has fixed the problem. Please respond as soon as possible.,negative,17,1,17,i have raised multiple tickets but nobody has fixed the problem please respond as soon as possible
TKT00874,email,Your support team resolved my issue quickly. Thank you.,positive,9,0,9,your support team resolved my issue quickly thank you
TKT00875,chat,I want to understand the warranty terms for this product. Please respond as soon as possible.,neutral,16,1,16,i want to understand the warranty terms for this product please respond as soon as possible
TKT00876,social,I am checking if there is any scheduled maintenance today. My ticket number is 15895. Please respond as soon as possible.,neutral,21,1,21,i am checking if there is any scheduled maintenance today my ticket number is  please respond as soon as possible
TKT00877,phone,I want to cancel because the service quality is poor and unreliable.,negative,12,0,12,i want to cancel because the service quality is poor and unreliable
TKT00878,email,The response from the team was helpful and professional. My ticket number is 80247.,positive,14,0,14,the response from the team was helpful and professional my ticket number is 
TKT00879,email,The delivery was late and the package arrived damaged.,negative,9,0,9,the delivery was late and the package arrived damaged
TKT00880,social,I am checking if there is any scheduled maintenance today. Please respond as soon as possible.,neutral,16,1,16,i am checking if there is any scheduled maintenance today please respond as soon as possible
TKT00881,social,Can someone explain the difference between the plans? My ticket number is 11058.,neutral,13,0,13,can someone explain the difference between the plans my ticket number is 
TKT00882,social,The delivery was late and the package arrived damaged.,negative,9,1,9,the delivery was late and the package arrived damaged
TKT00883,chat,Great service and clear communication from the support team.,positive,9,0,9,great service and clear communication from the support team
TKT00884,social,The delivery was late and the package arrived damaged.,negative,9,1,9,the delivery was late and the package arrived damaged
TKT00885,social,I would like to know more about the available plans. My ticket number is 69782. Please respond as soon as possible.,neutral,21,1,21,i would like to know more about the available plans my ticket number is  please respond as soon as possible
TKT00886,app,Can someone explain the difference between the plans? My ticket number is 69525.,neutral,13,0,13,can someone explain the difference between the plans my ticket number is 
TKT00887,email,Can you share the status of my mobile app request?,neutral,10,0,10,can you share the status of my mobile app request
TKT00888,chat,Can you confirm whether my ticket has been assigned? Please respond as soon as possible.,neutral,15,1,15,can you confirm whether my ticket has been assigned please respond as soon as possible
TKT00889,phone,My refund is still pending and this experience is frustrating. Please respond as soon as possible.,negative,16,1,16,my refund is still pending and this experience is frustrating please respond as soon as possible
TKT00890,app,The delivery was smooth and the product quality is excellent. My ticket number is 30106. I appreciate the quick response.,positive,20,0,20,the delivery was smooth and the product quality is excellent my ticket number is  i appreciate the quick response
TKT00891,email,I would like to know more about the available plans. My ticket number is 87178.,neutral,15,0,15,i would like to know more about the available plans my ticket number is 
TKT00892,chat,Billing is incorrect and I was charged twice this month.,negative,10,1,10,billing is incorrect and i was charged twice this month
TKT00893,phone,I am very unhappy because my order has not worked since after the recent update. My ticket number is 97141. Please respond as soon as possible.,negative,26,1,26,i am very unhappy because my order has not worked since after the recent update my ticket number is  please respond as soon as possible
TKT00894,phone,Can you share the status of my router request? My ticket number is 37228.,neutral,14,0,14,can you share the status of my router request my ticket number is 
TKT00895,email,The product quality is bad and I regret purchasing it.,negative,10,0,10,the product quality is bad and i regret purchasing it
TKT00896,phone,The delivery was smooth and the product quality is excellent.,positive,10,0,10,the delivery was smooth and the product quality is excellent
TKT00897,app,The delivery was late and the package arrived damaged.,negative,9,1,9,the delivery was late and the package arrived damaged
TKT00898,phone,Can you share the status of my mobile app request?,neutral,10,0,10,can you share the status of my mobile app request
TKT00899,chat,I am very unhappy because my order has not worked since this morning.,negative,13,0,13,i am very unhappy because my order has not worked since this morning
TKT00900,email,The product quality is bad and I regret purchasing it.,negative,10,1,10,the product quality is bad and i regret purchasing it
TKT00901,app,I want to cancel because the service quality is poor and unreliable.,negative,12,1,12,i want to cancel because the service quality is poor and unreliable
TKT00902,social,The refund process was fast and convenient.,positive,7,0,7,the refund process was fast and convenient
TKT00903,chat,The refund process was fast and convenient.,positive,7,0,7,the refund process was fast and convenient
TKT00904,app,The product quality is bad and I regret purchasing it.,negative,10,0,10,the product quality is bad and i regret purchasing it
TKT00905,app,I want to understand the warranty terms for this product.,neutral,10,0,10,i want to understand the warranty terms for this product
TKT00906,phone,The product quality is bad and I regret purchasing it. My ticket number is 60889.,negative,15,0,15,the product quality is bad and i regret purchasing it my ticket number is 
TKT00907,chat,The internet speed is slow and customer care is not helping.,negative,11,1,11,the internet speed is slow and customer care is not helping
TKT00908,social,Great service and clear communication from the support team. My ticket number is 96422.,positive,14,0,14,great service and clear communication from the support team my ticket number is 
TKT00909,phone,Billing is incorrect and I was charged twice this month.,negative,10,0,10,billing is incorrect and i was charged twice this month
TKT00910,social,I need help finding the invoice for my last order. My ticket number is 39439.,neutral,15,0,15,i need help finding the invoice for my last order my ticket number is 
TKT00911,chat,Billing is incorrect and I was charged twice this month. My ticket number is 13030.,negative,15,1,15,billing is incorrect and i was charged twice this month my ticket number is 
TKT00912,app,I am checking if there is any scheduled maintenance today. My ticket number is 90418.,neutral,15,0,15,i am checking if there is any scheduled maintenance today my ticket number is 
TKT00913,email,The mobile app is working well and I am happy with the service. I appreciate the quick response.,positive,18,0,18,the mobile app is working well and i am happy with the service i appreciate the quick response
TKT00914,phone,The refund process was fast and convenient.,positive,7,0,7,the refund process was fast and convenient
TKT00915,chat,The installation was completed on time and everything works perfectly.,positive,10,0,10,the installation was completed on time and everything works perfectly
TKT00916,email,I am checking if there is any scheduled maintenance today. My ticket number is 85059.,neutral,15,0,15,i am checking if there is any scheduled maintenance today my ticket number is 
TKT00917,email,Your support team resolved my issue quickly. Thank you.,positive,9,0,9,your support team resolved my issue quickly thank you
TKT00918,email,I am checking if there is any scheduled maintenance today. My ticket number is 53075.,neutral,15,0,15,i am checking if there is any scheduled maintenance today my ticket number is 
TKT00919,chat,Billing is incorrect and I was charged twice this month.,negative,10,1,10,billing is incorrect and i was charged twice this month
TKT00920,chat,Can you confirm whether my ticket has been assigned? My ticket number is 45674.,neutral,14,0,14,can you confirm whether my ticket has been assigned my ticket number is 
TKT00921,email,Please provide the steps to activate video call. Please respond as soon as possible.,neutral,14,1,14,please provide the steps to activate video call please respond as soon as possible
TKT00922,app,Great service and clear communication from the support team.,positive,9,0,9,great service and clear communication from the support team
TKT00923,phone,Can you share the status of my router request? My ticket number is 62488. Please respond as soon as possible.,neutral,20,1,20,can you share the status of my router request my ticket number is  please respond as soon as possible
TKT00924,chat,I need help finding the invoice for my last order.,neutral,10,0,10,i need help finding the invoice for my last order
TKT00925,social,The mobile app is working well and I am happy with the service.,positive,13,0,13,the mobile app is working well and i am happy with the service
TKT00926,phone,Your support team resolved my issue quickly. Thank you. My ticket number is 36289.,positive,14,0,14,your support team resolved my issue quickly thank you my ticket number is 
TKT00927,social,I have raised multiple tickets but nobody has fixed the problem. My ticket number is 19789.,negative,16,0,16,i have raised multiple tickets but nobody has fixed the problem my ticket number is 
TKT00928,email,Your support team resolved my issue quickly. Thank you.,positive,9,0,9,your support team resolved my issue quickly thank you
TKT00929,phone,The internet speed is slow and customer care is not helping. My ticket number is 27725.,negative,16,1,16,the internet speed is slow and customer care is not helping my ticket number is 
TKT00930,social,The mobile app is working well and I am happy with the service. I appreciate the quick response.,positive,18,0,18,the mobile app is working well and i am happy with the service i appreciate the quick response
TKT00931,phone,I would like to know more about the available plans. My ticket number is 79942.,neutral,15,0,15,i would like to know more about the available plans my ticket number is 
TKT00932,phone,The internet speed is slow and customer care is not helping.,negative,11,0,11,the internet speed is slow and customer care is not helping
TKT00933,app,I like the new video call and it is easy to use. I appreciate the quick response.,positive,17,0,17,i like the new video call and it is easy to use i appreciate the quick response
TKT00934,chat,The dashboard keeps failing and support has not resolved my issue. Please respond as soon as possible.,negative,17,1,17,the dashboard keeps failing and support has not resolved my issue please respond as soon as possible
TKT00935,email,I have raised multiple tickets but nobody has fixed the problem. My ticket number is 53976. Please respond as soon as possible.,negative,22,1,22,i have raised multiple tickets but nobody has fixed the problem my ticket number is  please respond as soon as possible
TKT00936,phone,Please provide the steps to activate profile update.,neutral,8,0,8,please provide the steps to activate profile update
TKT00937,phone,The app crashes whenever I try to use report download. Please respond as soon as possible.,negative,16,1,16,the app crashes whenever i try to use report download please respond as soon as possible
TKT00938,social,The service plan keeps failing and support has not resolved my issue.,negative,12,1,12,the service plan keeps failing and support has not resolved my issue
TKT00939,phone,The product quality is bad and I regret purchasing it.,negative,10,0,10,the product quality is bad and i regret purchasing it
TKT00940,chat,I want to understand the warranty terms for this product.,neutral,10,0,10,i want to understand the warranty terms for this product
TKT00941,phone,The delivery was smooth and the product quality is excellent. My ticket number is 62980. I appreciate the quick response.,positive,20,0,20,the delivery was smooth and the product quality is excellent my ticket number is  i appreciate the quick response
TKT00942,email,Can you share the status of my account request?,neutral,9,0,9,can you share the status of my account request
TKT00943,app,I have raised multiple tickets but nobody has fixed the problem.,negative,11,0,11,i have raised multiple tickets but nobody has fixed the problem
TKT00944,app,The response from the team was helpful and professional. I appreciate the quick response.,positive,14,0,14,the response from the team was helpful and professional i appreciate the quick response
TKT00945,email,I need help finding the invoice for my last order.,neutral,10,0,10,i need help finding the invoice for my last order
TKT00946,chat,Please tell me how to update my account details.,neutral,9,0,9,please tell me how to update my account details
TKT00947,app,I want to cancel because the service quality is poor and unreliable.,negative,12,0,12,i want to cancel because the service quality is poor and unreliable
TKT00948,email,I want to cancel because the service quality is poor and unreliable.,negative,12,1,12,i want to cancel because the service quality is poor and unreliable
TKT00949,email,My refund is still pending and this experience is frustrating.,negative,10,0,10,my refund is still pending and this experience is frustrating
TKT00950,chat,I like the new login and it is easy to use. My ticket number is 68064.,positive,16,0,16,i like the new login and it is easy to use my ticket number is 
TKT00951,phone,Great service and clear communication from the support team. My ticket number is 93827.,positive,14,0,14,great service and clear communication from the support team my ticket number is 
TKT00952,email,Great service and clear communication from the support team. My ticket number is 26728.,positive,14,0,14,great service and clear communication from the support team my ticket number is 
TKT00953,email,The account is working well and I am happy with the service. My ticket number is 53178.,positive,17,0,17,the account is working well and i am happy with the service my ticket number is 
TKT00954,app,Please tell me how to update my account details.,neutral,9,0,9,please tell me how to update my account details
TKT00955,chat,I want to cancel because the service quality is poor and unreliable.,negative,12,0,12,i want to cancel because the service quality is poor and unreliable
TKT00956,chat,The delivery was late and the package arrived damaged.,negative,9,0,9,the delivery was late and the package arrived damaged
TKT00957,app,I need help finding the invoice for my last order. My ticket number is 96593.,neutral,15,0,15,i need help finding the invoice for my last order my ticket number is 
TKT00958,app,The delivery was late and the package arrived damaged.,negative,9,0,9,the delivery was late and the package arrived damaged
TKT00959,email,The installation was completed on time and everything works perfectly. I appreciate the quick response.,positive,15,0,15,the installation was completed on time and everything works perfectly i appreciate the quick response
TKT00960,social,The installation was completed on time and everything works perfectly. I appreciate the quick response.,positive,15,0,15,the installation was completed on time and everything works perfectly i appreciate the quick response
TKT00961,app,The refund process was fast and convenient.,positive,7,0,7,the refund process was fast and convenient
TKT00962,app,I need information about the payment process. Please respond as soon as possible.,neutral,13,1,13,i need information about the payment process please respond as soon as possible
TKT00963,social,The internet speed is slow and customer care is not helping.,negative,11,1,11,the internet speed is slow and customer care is not helping
TKT00964,chat,The app crashes whenever I try to use login. My ticket number is 72771.,negative,14,0,14,the app crashes whenever i try to use login my ticket number is 
TKT00965,chat,Please provide the steps to activate analytics.,neutral,7,0,7,please provide the steps to activate analytics
TKT00966,phone,I am very unhappy because my account has not worked since last week.,negative,13,1,13,i am very unhappy because my account has not worked since last week
TKT00967,phone,Can you share the status of my account request?,neutral,9,0,9,can you share the status of my account request
TKT00968,social,Billing is incorrect and I was charged twice this month.,negative,10,0,10,billing is incorrect and i was charged twice this month
TKT00969,phone,The refund process was fast and convenient. I appreciate the quick response.,positive,12,0,12,the refund process was fast and convenient i appreciate the quick response
TKT00970,social,The internet speed is slow and customer care is not helping. My ticket number is 28926.,negative,16,1,16,the internet speed is slow and customer care is not helping my ticket number is 
TKT00971,app,I want to cancel because the service quality is poor and unreliable.,negative,12,1,12,i want to cancel because the service quality is poor and unreliable
TKT00972,social,I have raised multiple tickets but nobody has fixed the problem. Please respond as soon as possible.,negative,17,1,17,i have raised multiple tickets but nobody has fixed the problem please respond as soon as possible
TKT00973,chat,I am checking if there is any scheduled maintenance today. My ticket number is 30574.,neutral,15,0,15,i am checking if there is any scheduled maintenance today my ticket number is 
TKT00974,email,The dashboard keeps failing and support has not resolved my issue. Please respond as soon as possible.,negative,17,1,17,the dashboard keeps failing and support has not resolved my issue please respond as soon as possible
TKT00975,email,The delivery was late and the package arrived damaged.,negative,9,0,9,the delivery was late and the package arrived damaged
TKT00976,social,Please tell me how to update my account details. My ticket number is 40228.,neutral,14,0,14,please tell me how to update my account details my ticket number is 
TKT00977,social,My refund is still pending and this experience is frustrating. My ticket number is 64786. Please respond as soon as possible.,negative,21,1,21,my refund is still pending and this experience is frustrating my ticket number is  please respond as soon as possible
TKT00978,email,The product quality is bad and I regret purchasing it.,negative,10,0,10,the product quality is bad and i regret purchasing it
TKT00979,app,Can you share the status of my subscription request?,neutral,9,0,9,can you share the status of my subscription request
TKT00980,email,I want to cancel because the service quality is poor and unreliable.,negative,12,0,12,i want to cancel because the service quality is poor and unreliable
TKT00981,social,I want to understand the warranty terms for this product.,neutral,10,0,10,i want to understand the warranty terms for this product
TKT00982,chat,The delivery was smooth and the product quality is excellent.,positive,10,0,10,the delivery was smooth and the product quality is excellent
TKT00983,phone,The delivery was late and the package arrived damaged.,negative,9,0,9,the delivery was late and the package arrived damaged
TKT00984,phone,I have raised multiple tickets but nobody has fixed the problem.,negative,11,1,11,i have raised multiple tickets but nobody has fixed the problem
TKT00985,app,I am satisfied with the plan and would recommend it to others.,positive,12,0,12,i am satisfied with the plan and would recommend it to others
TKT00986,app,The refund process was fast and convenient. My ticket number is 71725.,positive,12,0,12,the refund process was fast and convenient my ticket number is 
TKT00987,email,I am very unhappy because my mobile app has not worked since three days ago. Please respond as soon as possible.,negative,21,1,21,i am very unhappy because my mobile app has not worked since three days ago please respond as soon as possible
TKT00988,app,The installation was completed on time and everything works perfectly. My ticket number is 98496. I appreciate the quick response.,positive,20,0,20,the installation was completed on time and everything works perfectly my ticket number is  i appreciate the quick response
TKT00989,chat,I am checking if there is any scheduled maintenance today. Please respond as soon as possible.,neutral,16,1,16,i am checking if there is any scheduled maintenance today please respond as soon as possible
TKT00990,chat,The delivery was late and the package arrived damaged. Please respond as soon as possible.,negative,15,1,15,the delivery was late and the package arrived damaged please respond as soon as possible
TKT00991,phone,Can someone explain the difference between the plans? My ticket number is 75271. Please respond as soon as possible.,neutral,19,1,19,can someone explain the difference between the plans my ticket number is  please respond as soon as possible
TKT00992,phone,The installation was completed on time and everything works perfectly. My ticket number is 42091.,positive,15,0,15,the installation was completed on time and everything works perfectly my ticket number is 
TKT00993,social,I like the new video call and it is easy to use. My ticket number is 44033.,positive,17,0,17,i like the new video call and it is easy to use my ticket number is 
TKT00994,social,Can someone explain the difference between the plans? My ticket number is 72750.,neutral,13,0,13,can someone explain the difference between the plans my ticket number is 
TKT00995,phone,Your support team resolved my issue quickly. Thank you.,positive,9,0,9,your support team resolved my issue quickly thank you
TKT00996,email,Great service and clear communication from the support team. My ticket number is 46017.,positive,14,0,14,great service and clear communication from the support team my ticket number is 
TKT00997,chat,I am satisfied with the plan and would recommend it to others. My ticket number is 66502.,positive,17,0,17,i am satisfied with the plan and would recommend it to others my ticket number is 
TKT00998,phone,I am satisfied with the plan and would recommend it to others. My ticket number is 46654.,positive,17,0,17,i am satisfied with the plan and would recommend it to others my ticket number is 
TKT00999,phone,The delivery was late and the package arrived damaged. My ticket number is 60581.,negative,14,0,14,the delivery was late and the package arrived damaged my ticket number is 
TKT01000,phone,Can someone explain the difference between the plans? My ticket number is 85727.,neutral,13,0,13,can someone explain the difference between the plans my ticket number is 
TKT01001,social,The account is working well and I am happy with the service. My ticket number is 64168.,positive,17,0,17,the account is working well and i am happy with the service my ticket number is 
TKT01002,app,Please provide the steps to activate payment. Please respond as soon as possible.,neutral,13,1,13,please provide the steps to activate payment please respond as soon as possible
TKT01003,phone,The app experience is smooth and reliable.,positive,7,0,7,the app experience is smooth and reliable
TKT01004,chat,The installation was completed on time and everything works perfectly.,positive,10,0,10,the installation was completed on time and everything works perfectly
TKT01005,chat,The product quality is bad and I regret purchasing it.,negative,10,0,10,the product quality is bad and i regret purchasing it
TKT01006,email,The delivery was late and the package arrived damaged.,negative,9,0,9,the delivery was late and the package arrived damaged
TKT01007,email,The app crashes whenever I try to use report download.,negative,10,1,10,the app crashes whenever i try to use report download
TKT01008,chat,I need information about the payment process. My ticket number is 82810.,neutral,12,0,12,i need information about the payment process my ticket number is 
TKT01009,phone,I like the new tracking and it is easy to use.,positive,11,0,11,i like the new tracking and it is easy to use
TKT01010,chat,Billing is incorrect and I was charged twice this month. My ticket number is 35838.,negative,15,1,15,billing is incorrect and i was charged twice this month my ticket number is 
TKT01011,chat,Great service and clear communication from the support team. My ticket number is 28129.,positive,14,0,14,great service and clear communication from the support team my ticket number is 
TKT01012,social,I am very unhappy because my account has not worked since last week.,negative,13,0,13,i am very unhappy because my account has not worked since last week
TKT01013,social,The delivery was late and the package arrived damaged.,negative,9,0,9,the delivery was late and the package arrived damaged
TKT01014,phone,I am checking if there is any scheduled maintenance today. My ticket number is 53983.,neutral,15,0,15,i am checking if there is any scheduled maintenance today my ticket number is 
TKT01015,app,Can you confirm whether my ticket has been assigned?,neutral,9,0,9,can you confirm whether my ticket has been assigned
TKT01016,social,I am very unhappy because my router has not worked since last week. My ticket number is 58443.,negative,18,1,18,i am very unhappy because my router has not worked since last week my ticket number is 
TKT01017,email,I am satisfied with the plan and would recommend it to others. My ticket number is 53489.,positive,17,0,17,i am satisfied with the plan and would recommend it to others my ticket number is 
TKT01018,social,Can someone explain the difference between the plans?,neutral,8,0,8,can someone explain the difference between the plans
TKT01019,email,Can you share the status of my account request? My ticket number is 18052.,neutral,14,0,14,can you share the status of my account request my ticket number is 
TKT01020,email,Billing is incorrect and I was charged twice this month. Please respond as soon as possible.,negative,16,1,16,billing is incorrect and i was charged twice this month please respond as soon as possible
TKT01021,email,The delivery was late and the package arrived damaged. My ticket number is 76281. Please respond as soon as possible.,negative,20,1,20,the delivery was late and the package arrived damaged my ticket number is  please respond as soon as possible
TKT01022,app,Can you share the status of my router request?,neutral,9,0,9,can you share the status of my router request
TKT01023,app,The internet speed is slow and customer care is not helping.,negative,11,1,11,the internet speed is slow and customer care is not helping
TKT01024,email,Your support team resolved my issue quickly. Thank you.,positive,9,0,9,your support team resolved my issue quickly thank you
TKT01025,app,Please provide the steps to activate profile update. My ticket number is 84879.,neutral,13,0,13,please provide the steps to activate profile update my ticket number is 
TKT01026,email,I need help finding the invoice for my last order.,neutral,10,0,10,i need help finding the invoice for my last order
TKT01027,email,The order is working well and I am happy with the service. My ticket number is 56732.,positive,17,0,17,the order is working well and i am happy with the service my ticket number is 
TKT01028,chat,Please provide the steps to activate report download.,neutral,8,0,8,please provide the steps to activate report download
TKT01029,email,The installation was completed on time and everything works perfectly.,positive,10,0,10,the installation was completed on time and everything works perfectly
TKT01030,phone,I am checking if there is any scheduled maintenance today.,neutral,10,0,10,i am checking if there is any scheduled maintenance today
TKT01031,email,The refund process was fast and convenient.,positive,7,0,7,the refund process was fast and convenient
TKT01032,app,My refund is still pending and this experience is frustrating.,negative,10,0,10,my refund is still pending and this experience is frustrating
TKT01033,email,Can someone explain the difference between the plans? My ticket number is 58624.,neutral,13,0,13,can someone explain the difference between the plans my ticket number is 
TKT01034,social,I want to cancel because the service quality is poor and unreliable. My ticket number is 41267. Please respond as soon as possible.,negative,23,1,23,i want to cancel because the service quality is poor and unreliable my ticket number is  please respond as soon as possible
TKT01035,app,I need information about the payment process.,neutral,7,0,7,i need information about the payment process
TKT01036,email,I like the new report download and it is easy to use.,positive,12,0,12,i like the new report download and it is easy to use
TKT01037,chat,My refund is still pending and this experience is frustrating. My ticket number is 73010.,negative,15,0,15,my refund is still pending and this experience is frustrating my ticket number is 
TKT01038,email,The product quality is bad and I regret purchasing it. Please respond as soon as possible.,negative,16,1,16,the product quality is bad and i regret purchasing it please respond as soon as possible
TKT01039,email,The response from the team was helpful and professional.,positive,9,0,9,the response from the team was helpful and professional
TKT01040,app,The internet speed is slow and customer care is not helping.,negative,11,0,11,the internet speed is slow and customer care is not helping
TKT01041,phone,The installation was completed on time and everything works perfectly.,positive,10,0,10,the installation was completed on time and everything works perfectly
TKT01042,app,The refund process was fast and convenient. My ticket number is 89875.,positive,12,0,12,the refund process was fast and convenient my ticket number is 
TKT01043,chat,I need information about the payment process. My ticket number is 90608.,neutral,12,0,12,i need information about the payment process my ticket number is 
TKT01044,chat,I have raised multiple tickets but nobody has fixed the problem. My ticket number is 70148.,negative,16,0,16,i have raised multiple tickets but nobody has fixed the problem my ticket number is 
TKT01045,phone,The router keeps failing and support has not resolved my issue.,negative,11,0,11,the router keeps failing and support has not resolved my issue
TKT01046,social,I am checking if there is any scheduled maintenance today.,neutral,10,0,10,i am checking if there is any scheduled maintenance today
TKT01047,email,The app crashes whenever I try to use payment. My ticket number is 29843.,negative,14,1,14,the app crashes whenever i try to use payment my ticket number is 
TKT01048,chat,The app crashes whenever I try to use analytics.,negative,9,0,9,the app crashes whenever i try to use analytics
TKT01049,social,I have raised multiple tickets but nobody has fixed the problem.,negative,11,1,11,i have raised multiple tickets but nobody has fixed the problem
TKT01050,app,I need help finding the invoice for my last order. My ticket number is 76238.,neutral,15,0,15,i need help finding the invoice for my last order my ticket number is 
TKT01051,app,I like the new login and it is easy to use. My ticket number is 74861.,positive,16,0,16,i like the new login and it is easy to use my ticket number is 
TKT01052,social,Please tell me how to update my account details.,neutral,9,0,9,please tell me how to update my account details
TKT01053,chat,The app experience is smooth and reliable. My ticket number is 14506.,positive,12,0,12,the app experience is smooth and reliable my ticket number is 
TKT01054,email,Billing is incorrect and I was charged twice this month.,negative,10,1,10,billing is incorrect and i was charged twice this month
TKT01055,email,Can someone explain the difference between the plans?,neutral,8,0,8,can someone explain the difference between the plans
TKT01056,chat,I need information about the payment process.,neutral,7,0,7,i need information about the payment process
TKT01057,social,I need information about the payment process. My ticket number is 14943.,neutral,12,0,12,i need information about the payment process my ticket number is 
TKT01058,email,The installation was completed on time and everything works perfectly. I appreciate the quick response.,positive,15,0,15,the installation was completed on time and everything works perfectly i appreciate the quick response
TKT01059,phone,The response from the team was helpful and professional.,positive,9,0,9,the response from the team was helpful and professional
TKT01060,chat,Can you confirm whether my ticket has been assigned?,neutral,9,0,9,can you confirm whether my ticket has been assigned
TKT01061,app,Can you share the status of my insurance policy request?,neutral,10,0,10,can you share the status of my insurance policy request
TKT01062,social,I need information about the payment process.,neutral,7,0,7,i need information about the payment process
TKT01063,social,Your support team resolved my issue quickly. Thank you.,positive,9,0,9,your support team resolved my issue quickly thank you
TKT01064,email,The internet speed is slow and customer care is not helping.,negative,11,1,11,the internet speed is slow and customer care is not helping
TKT01065,social,The app crashes whenever I try to use video call.,negative,10,0,10,the app crashes whenever i try to use video call
TKT01066,phone,Can someone explain the difference between the plans?,neutral,8,0,8,can someone explain the difference between the plans
TKT01067,email,Billing is incorrect and I was charged twice this month.,negative,10,1,10,billing is incorrect and i was charged twice this month
TKT01068,chat,I am checking if there is any scheduled maintenance today.,neutral,10,0,10,i am checking if there is any scheduled maintenance today
TKT01069,phone,Can someone explain the difference between the plans?,neutral,8,0,8,can someone explain the difference between the plans
TKT01070,app,Billing is incorrect and I was charged twice this month. My ticket number is 30829. Please respond as soon as possible.,negative,21,1,21,billing is incorrect and i was charged twice this month my ticket number is  please respond as soon as possible
TKT01071,app,Can someone explain the difference between the plans? Please respond as soon as possible.,neutral,14,1,14,can someone explain the difference between the plans please respond as soon as possible
TKT01072,social,I am satisfied with the plan and would recommend it to others.,positive,12,0,12,i am satisfied with the plan and would recommend it to others
TKT01073,social,The service plan is working well and I am happy with the service.,positive,13,0,13,the service plan is working well and i am happy with the service
TKT01074,app,Please tell me how to update my account details.,neutral,9,0,9,please tell me how to update my account details
TKT01075,social,The product quality is bad and I regret purchasing it. My ticket number is 34636.,negative,15,1,15,the product quality is bad and i regret purchasing it my ticket number is 
TKT01076,app,I am very unhappy because my router has not worked since yesterday. Please respond as soon as possible.,negative,18,1,18,i am very unhappy because my router has not worked since yesterday please respond as soon as possible
TKT01077,app,My refund is still pending and this experience is frustrating.,negative,10,1,10,my refund is still pending and this experience is frustrating
TKT01078,email,The service plan keeps failing and support has not resolved my issue.,negative,12,1,12,the service plan keeps failing and support has not resolved my issue
TKT01079,chat,I am satisfied with the plan and would recommend it to others. My ticket number is 45359.,positive,17,0,17,i am satisfied with the plan and would recommend it to others my ticket number is 
TKT01080,email,I am checking if there is any scheduled maintenance today.,neutral,10,0,10,i am checking if there is any scheduled maintenance today
TKT01081,email,The installation was completed on time and everything works perfectly. My ticket number is 29651.,positive,15,0,15,the installation was completed on time and everything works perfectly my ticket number is 
TKT01082,social,My refund is still pending and this experience is frustrating. My ticket number is 84923.,negative,15,1,15,my refund is still pending and this experience is frustrating my ticket number is 
TKT01083,email,I want to cancel because the service quality is poor and unreliable. Please respond as soon as possible.,negative,18,1,18,i want to cancel because the service quality is poor and unreliable please respond as soon as possible
TKT01084,email,Can you share the status of my dashboard request? My ticket number is 75336.,neutral,14,0,14,can you share the status of my dashboard request my ticket number is 
TKT01085,chat,The response from the team was helpful and professional. My ticket number is 85263.,positive,14,0,14,the response from the team was helpful and professional my ticket number is 
TKT01086,phone,Can you confirm whether my ticket has been assigned?,neutral,9,0,9,can you confirm whether my ticket has been assigned
TKT01087,chat,The product quality is bad and I regret purchasing it. My ticket number is 59863.,negative,15,0,15,the product quality is bad and i regret purchasing it my ticket number is 
TKT01088,app,Can you confirm whether my ticket has been assigned? My ticket number is 18596.,neutral,14,0,14,can you confirm whether my ticket has been assigned my ticket number is 
TKT01089,phone,Great service and clear communication from the support team. My ticket number is 45083.,positive,14,0,14,great service and clear communication from the support team my ticket number is 
TKT01090,chat,I need information about the payment process.,neutral,7,0,7,i need information about the payment process
TKT01091,app,Please provide the steps to activate notifications. My ticket number is 96900.,neutral,12,0,12,please provide the steps to activate notifications my ticket number is 
TKT01092,social,I am checking if there is any scheduled maintenance today. My ticket number is 95255.,neutral,15,0,15,i am checking if there is any scheduled maintenance today my ticket number is 
TKT01093,social,Can you confirm whether my ticket has been assigned?,neutral,9,0,9,can you confirm whether my ticket has been assigned
TKT01094,social,I am very unhappy because my account has not worked since yesterday.,negative,12,0,12,i am very unhappy because my account has not worked since yesterday
TKT01095,social,The internet speed is slow and customer care is not helping.,negative,11,0,11,the internet speed is slow and customer care is not helping
TKT01096,social,The installation was completed on time and everything works perfectly. My ticket number is 74228.,positive,15,0,15,the installation was completed on time and everything works perfectly my ticket number is 
TKT01097,chat,The app crashes whenever I try to use video call. Please respond as soon as possible.,negative,16,1,16,the app crashes whenever i try to use video call please respond as soon as possible
TKT01098,phone,The app crashes whenever I try to use notifications.,negative,9,0,9,the app crashes whenever i try to use notifications
TKT01099,chat,The mobile app is working well and I am happy with the service. My ticket number is 39750.,positive,18,0,18,the mobile app is working well and i am happy with the service my ticket number is 
TKT01100,phone,The installation was completed on time and everything works perfectly.,positive,10,0,10,the installation was completed on time and everything works perfectly
TKT01101,chat,The router keeps failing and support has not resolved my issue.,negative,11,1,11,the router keeps failing and support has not resolved my issue
TKT01102,app,Please tell me how to update my account details.,neutral,9,0,9,please tell me how to update my account details
TKT01103,chat,I am satisfied with the plan and would recommend it to others.,positive,12,0,12,i am satisfied with the plan and would recommend it to others
TKT01104,app,I want to understand the warranty terms for this product.,neutral,10,0,10,i want to understand the warranty terms for this product
TKT01105,phone,The installation was completed on time and everything works perfectly. My ticket number is 72473.,positive,15,0,15,the installation was completed on time and everything works perfectly my ticket number is 
TKT01106,app,The app crashes whenever I try to use video call.,negative,10,1,10,the app crashes whenever i try to use video call
TKT01107,chat,The dashboard keeps failing and support has not resolved my issue. My ticket number is 42791.,negative,16,0,16,the dashboard keeps failing and support has not resolved my issue my ticket number is 
TKT01108,chat,I am satisfied with the plan and would recommend it to others.,positive,12,0,12,i am satisfied with the plan and would recommend it to others
TKT01109,social,The response from the team was helpful and professional. My ticket number is 43756.,positive,14,0,14,the response from the team was helpful and professional my ticket number is 
TKT01110,app,The app experience is smooth and reliable.,positive,7,0,7,the app experience is smooth and reliable
TKT01111,social,I would like to know more about the available plans.,neutral,10,0,10,i would like to know more about the available plans
TKT01112,social,I would like to know more about the available plans. My ticket number is 14258.,neutral,15,0,15,i would like to know more about the available plans my ticket number is 
TKT01113,email,Great service and clear communication from the support team.,positive,9,0,9,great service and clear communication from the support team
TKT01114,email,I like the new video call and it is easy to use.,positive,12,0,12,i like the new video call and it is easy to use
TKT01115,phone,The app crashes whenever I try to use analytics. My ticket number is 58404.,negative,14,1,14,the app crashes whenever i try to use analytics my ticket number is 
TKT01116,phone,Please tell me how to update my account details. My ticket number is 27368.,neutral,14,0,14,please tell me how to update my account details my ticket number is 
TKT01117,email,I am checking if there is any scheduled maintenance today.,neutral,10,0,10,i am checking if there is any scheduled maintenance today
TKT01118,phone,The response from the team was helpful and professional. I appreciate the quick response.,positive,14,0,14,the response from the team was helpful and professional i appreciate the quick response
TKT01119,social,The product quality is bad and I regret purchasing it.,negative,10,0,10,the product quality is bad and i regret purchasing it
TKT01120,email,I would like to know more about the available plans.,neutral,10,0,10,i would like to know more about the available plans
TKT01121,chat,The app experience is smooth and reliable.,positive,7,0,7,the app experience is smooth and reliable
TKT01122,email,Great service and clear communication from the support team. I appreciate the quick response.,positive,14,0,14,great service and clear communication from the support team i appreciate the quick response
TKT01123,social,The app experience is smooth and reliable. My ticket number is 82082.,positive,12,0,12,the app experience is smooth and reliable my ticket number is 
TKT01124,email,I am satisfied with the plan and would recommend it to others.,positive,12,0,12,i am satisfied with the plan and would recommend it to others
TKT01125,social,The product quality is bad and I regret purchasing it.,negative,10,0,10,the product quality is bad and i regret purchasing it
TKT01126,chat,Your support team resolved my issue quickly. Thank you. My ticket number is 51654. I appreciate the quick response.,positive,19,0,19,your support team resolved my issue quickly thank you my ticket number is  i appreciate the quick response
TKT01127,phone,Billing is incorrect and I was charged twice this month.,negative,10,0,10,billing is incorrect and i was charged twice this month
TKT01128,email,Can you share the status of my mobile app request?,neutral,10,0,10,can you share the status of my mobile app request
TKT01129,app,I am very unhappy because my account has not worked since after the recent update.,negative,15,1,15,i am very unhappy because my account has not worked since after the recent update
TKT01130,email,Can you confirm whether my ticket has been assigned?,neutral,9,0,9,can you confirm whether my ticket has been assigned
TKT01131,chat,The delivery was late and the package arrived damaged. My ticket number is 51100. Please respond as soon as possible.,negative,20,1,20,the delivery was late and the package arrived damaged my ticket number is  please respond as soon as possible
TKT01132,chat,I am very unhappy because my router has not worked since last week. My ticket number is 22915.,negative,18,0,18,i am very unhappy because my router has not worked since last week my ticket number is 
TKT01133,email,I need information about the payment process.,neutral,7,0,7,i need information about the payment process
TKT01134,social,The refund process was fast and convenient. I appreciate the quick response.,positive,12,0,12,the refund process was fast and convenient i appreciate the quick response
TKT01135,social,I would like to know more about the available plans.,neutral,10,0,10,i would like to know more about the available plans
TKT01136,chat,Can you confirm whether my ticket has been assigned? My ticket number is 15602. Please respond as soon as possible.,neutral,20,1,20,can you confirm whether my ticket has been assigned my ticket number is  please respond as soon as possible
TKT01137,phone,The subscription keeps failing and support has not resolved my issue.,negative,11,1,11,the subscription keeps failing and support has not resolved my issue
TKT01138,email,The order is working well and I am happy with the service. My ticket number is 10841.,positive,17,0,17,the order is working well and i am happy with the service my ticket number is 
TKT01139,app,The installation was completed on time and everything works perfectly.,positive,10,0,10,the installation was completed on time and everything works perfectly
TKT01140,chat,Please tell me how to update my account details. Please respond as soon as possible.,neutral,15,1,15,please tell me how to update my account details please respond as soon as possible
TKT01141,email,I am checking if there is any scheduled maintenance today.,neutral,10,0,10,i am checking if there is any scheduled maintenance today
TKT01142,chat,Can someone explain the difference between the plans? My ticket number is 56448.,neutral,13,0,13,can someone explain the difference between the plans my ticket number is 
TKT01143,app,The refund process was fast and convenient.,positive,7,0,7,the refund process was fast and convenient
TKT01144,phone,My refund is still pending and this experience is frustrating. My ticket number is 28322. Please respond as soon as possible.,negative,21,1,21,my refund is still pending and this experience is frustrating my ticket number is  please respond as soon as possible
TKT01145,app,I would like to know more about the available plans. Please respond as soon as possible.,neutral,16,1,16,i would like to know more about the available plans please respond as soon as possible
TKT01146,phone,The delivery was late and the package arrived damaged. My ticket number is 69910.,negative,14,1,14,the delivery was late and the package arrived damaged my ticket number is 
TKT01147,app,The order keeps failing and support has not resolved my issue. Please respond as soon as possible.,negative,17,1,17,the order keeps failing and support has not resolved my issue please respond as soon as possible
TKT01148,app,The refund process was fast and convenient.,positive,7,0,7,the refund process was fast and convenient
TKT01149,email,My refund is still pending and this experience is frustrating. My ticket number is 82247.,negative,15,0,15,my refund is still pending and this experience is frustrating my ticket number is 
TKT01150,email,My refund is still pending and this experience is frustrating.,negative,10,0,10,my refund is still pending and this experience is frustrating
TKT01151,email,The installation was completed on time and everything works perfectly. My ticket number is 94390. I appreciate the quick response.,positive,20,0,20,the installation was completed on time and everything works perfectly my ticket number is  i appreciate the quick response
TKT01152,chat,I need help finding the invoice for my last order. My ticket number is 44632. Please respond as soon as possible.,neutral,21,1,21,i need help finding the invoice for my last order my ticket number is  please respond as soon as possible
TKT01153,email,I would like to know more about the available plans.,neutral,10,0,10,i would like to know more about the available plans
TKT01154,app,Can you share the status of my router request?,neutral,9,0,9,can you share the status of my router request
TKT01155,social,I am checking if there is any scheduled maintenance today.,neutral,10,0,10,i am checking if there is any scheduled maintenance today
TKT01156,email,I need help finding the invoice for my last order.,neutral,10,0,10,i need help finding the invoice for my last order
TKT01157,app,I want to cancel because the service quality is poor and unreliable. My ticket number is 81602.,negative,17,0,17,i want to cancel because the service quality is poor and unreliable my ticket number is 
TKT01158,phone,The router keeps failing and support has not resolved my issue. My ticket number is 37690.,negative,16,0,16,the router keeps failing and support has not resolved my issue my ticket number is 
TKT01159,app,I need information about the payment process. Please respond as soon as possible.,neutral,13,1,13,i need information about the payment process please respond as soon as possible
TKT01160,email,I am satisfied with the plan and would recommend it to others.,positive,12,0,12,i am satisfied with the plan and would recommend it to others
TKT01161,email,Can you confirm whether my ticket has been assigned?,neutral,9,0,9,can you confirm whether my ticket has been assigned
TKT01162,email,I need information about the payment process. Please respond as soon as possible.,neutral,13,1,13,i need information about the payment process please respond as soon as possible
TKT01163,chat,The delivery was late and the package arrived damaged.,negative,9,1,9,the delivery was late and the package arrived damaged
TKT01164,social,The delivery was late and the package arrived damaged.,negative,9,0,9,the delivery was late and the package arrived damaged
TKT01165,chat,The product quality is bad and I regret purchasing it.,negative,10,1,10,the product quality is bad and i regret purchasing it
TKT01166,chat,Can you confirm whether my ticket has been assigned? My ticket number is 65194.,neutral,14,0,14,can you confirm whether my ticket has been assigned my ticket number is 
TKT01167,chat,I need help finding the invoice for my last order.,neutral,10,0,10,i need help finding the invoice for my last order
TKT01168,social,Please tell me how to update my account details. My ticket number is 45694. Please respond as soon as possible.,neutral,20,1,20,please tell me how to update my account details my ticket number is  please respond as soon as possible
TKT01169,chat,The delivery was smooth and the product quality is excellent.,positive,10,0,10,the delivery was smooth and the product quality is excellent
TKT01170,social,Your support team resolved my issue quickly. Thank you. I appreciate the quick response.,positive,14,0,14,your support team resolved my issue quickly thank you i appreciate the quick response
TKT01171,social,I need help finding the invoice for my last order. My ticket number is 37251.,neutral,15,0,15,i need help finding the invoice for my last order my ticket number is 
TKT01172,app,The delivery was late and the package arrived damaged. My ticket number is 16910.,negative,14,1,14,the delivery was late and the package arrived damaged my ticket number is 
TKT01173,phone,Can someone explain the difference between the plans?,neutral,8,0,8,can someone explain the difference between the plans
TKT01174,social,The installation was completed on time and everything works perfectly. I appreciate the quick response.,positive,15,0,15,the installation was completed on time and everything works perfectly i appreciate the quick response
TKT01175,phone,Please tell me how to update my account details.,neutral,9,0,9,please tell me how to update my account details
TKT01176,social,I would like to know more about the available plans. My ticket number is 37026. Please respond as soon as possible.,neutral,21,1,21,i would like to know more about the available plans my ticket number is  please respond as soon as possible
TKT01177,chat,Please provide the steps to activate login. Please respond as soon as possible.,neutral,13,1,13,please provide the steps to activate login please respond as soon as possible
TKT01178,phone,The mobile app is working well and I am happy with the service.,positive,13,0,13,the mobile app is working well and i am happy with the service
TKT01179,app,The product quality is bad and I regret purchasing it.,negative,10,0,10,the product quality is bad and i regret purchasing it
TKT01180,phone,I am very unhappy because my router has not worked since three days ago. My ticket number is 32045.,negative,19,0,19,i am very unhappy because my router has not worked since three days ago my ticket number is 
TKT01181,social,I am very unhappy because my mobile app has not worked since last week.,negative,14,1,14,i am very unhappy because my mobile app has not worked since last week
TKT01182,phone,Billing is incorrect and I was charged twice this month.,negative,10,0,10,billing is incorrect and i was charged twice this month
TKT01183,social,Can you confirm whether my ticket has been assigned? My ticket number is 56078. Please respond as soon as possible.,neutral,20,1,20,can you confirm whether my ticket has been assigned my ticket number is  please respond as soon as possible
TKT01184,phone,I would like to know more about the available plans. My ticket number is 93399. Please respond as soon as possible.,neutral,21,1,21,i would like to know more about the available plans my ticket number is  please respond as soon as possible
TKT01185,email,The installation was completed on time and everything works perfectly.,positive,10,0,10,the installation was completed on time and everything works perfectly
TKT01186,social,The delivery was late and the package arrived damaged. Please respond as soon as possible.,negative,15,1,15,the delivery was late and the package arrived damaged please respond as soon as possible
TKT01187,app,Please tell me how to update my account details.,neutral,9,0,9,please tell me how to update my account details
TKT01188,app,Please provide the steps to activate tracking.,neutral,7,0,7,please provide the steps to activate tracking
TKT01189,email,I have raised multiple tickets but nobody has fixed the problem. Please respond as soon as possible.,negative,17,1,17,i have raised multiple tickets but nobody has fixed the problem please respond as soon as possible
TKT01190,phone,I like the new tracking and it is easy to use.,positive,11,0,11,i like the new tracking and it is easy to use
TKT01191,phone,Billing is incorrect and I was charged twice this month. Please respond as soon as possible.,negative,16,1,16,billing is incorrect and i was charged twice this month please respond as soon as possible
TKT01192,social,Can someone explain the difference between the plans? My ticket number is 58618. Please respond as soon as possible.,neutral,19,1,19,can someone explain the difference between the plans my ticket number is  please respond as soon as possible
TKT01193,phone,I need help finding the invoice for my last order.,neutral,10,0,10,i need help finding the invoice for my last order
TKT01194,app,The delivery was late and the package arrived damaged.,negative,9,1,9,the delivery was late and the package arrived damaged
TKT01195,social,The app crashes whenever I try to use notifications.,negative,9,0,9,the app crashes whenever i try to use notifications
TKT01196,social,I am satisfied with the plan and would recommend it to others. My ticket number is 65957.,positive,17,0,17,i am satisfied with the plan and would recommend it to others my ticket number is 
TKT01197,app,The refund process was fast and convenient. I appreciate the quick response.,positive,12,0,12,the refund process was fast and convenient i appreciate the quick response
TKT01198,email,Can you share the status of my account request?,neutral,9,0,9,can you share the status of my account request
TKT01199,phone,The product quality is bad and I regret purchasing it.,negative,10,1,10,the product quality is bad and i regret purchasing it
TKT01200,social,The installation was completed on time and everything works perfectly.,positive,10,0,10,the installation was completed on time and everything works perfectly
TKT01201,email,I need help finding the invoice for my last order. Please respond as soon as possible.,neutral,16,1,16,i need help finding the invoice for my last order please respond as soon as possible
TKT01202,email,The refund process was fast and convenient.,positive,7,0,7,the refund process was fast and convenient
TKT01203,app,The delivery was late and the package arrived damaged.,negative,9,1,9,the delivery was late and the package arrived damaged
TKT01204,email,The order is working well and I am happy with the service.,positive,12,0,12,the order is working well and i am happy with the service
TKT01205,chat,Please provide the steps to activate analytics.,neutral,7,0,7,please provide the steps to activate analytics
TKT01206,phone,The delivery was late and the package arrived damaged. Please respond as soon as possible.,negative,15,1,15,the delivery was late and the package arrived damaged please respond as soon as possible
TKT01207,app,I am very unhappy because my order has not worked since this morning.,negative,13,0,13,i am very unhappy because my order has not worked since this morning
TKT01208,social,I am very unhappy because my mobile app has not worked since last week.,negative,14,0,14,i am very unhappy because my mobile app has not worked since last week
TKT01209,phone,I want to understand the warranty terms for this product.,neutral,10,0,10,i want to understand the warranty terms for this product
TKT01210,phone,The delivery was late and the package arrived damaged.,negative,9,0,9,the delivery was late and the package arrived damaged
TKT01211,app,I would like to know more about the available plans.,neutral,10,0,10,i would like to know more about the available plans
TKT01212,email,The dashboard is working well and I am happy with the service.,positive,12,0,12,the dashboard is working well and i am happy with the service
TKT01213,social,The mobile app keeps failing and support has not resolved my issue.,negative,12,1,12,the mobile app keeps failing and support has not resolved my issue
TKT01214,app,Can you share the status of my account request?,neutral,9,0,9,can you share the status of my account request
TKT01215,app,Can someone explain the difference between the plans?,neutral,8,0,8,can someone explain the difference between the plans
TKT01216,social,The delivery was late and the package arrived damaged. My ticket number is 46865. Please respond as soon as possible.,negative,20,1,20,the delivery was late and the package arrived damaged my ticket number is  please respond as soon as possible
TKT01217,chat,My refund is still pending and this experience is frustrating. My ticket number is 19429.,negative,15,1,15,my refund is still pending and this experience is frustrating my ticket number is 
TKT01218,email,Please provide the steps to activate report download. Please respond as soon as possible.,neutral,14,1,14,please provide the steps to activate report download please respond as soon as possible
TKT01219,app,The response from the team was helpful and professional.,positive,9,0,9,the response from the team was helpful and professional
TKT01220,social,The refund process was fast and convenient.,positive,7,0,7,the refund process was fast and convenient
TKT01221,phone,Can someone explain the difference between the plans?,neutral,8,0,8,can someone explain the difference between the plans
TKT01222,phone,Can you confirm whether my ticket has been assigned? Please respond as soon as possible.,neutral,15,1,15,can you confirm whether my ticket has been assigned please respond as soon as possible
TKT01223,app,The app experience is smooth and reliable.,positive,7,0,7,the app experience is smooth and reliable
TKT01224,app,Please provide the steps to activate analytics. My ticket number is 29699. Please respond as soon as possible.,neutral,18,1,18,please provide the steps to activate analytics my ticket number is  please respond as soon as possible
TKT01225,email,I want to understand the warranty terms for this product. Please respond as soon as possible.,neutral,16,1,16,i want to understand the warranty terms for this product please respond as soon as possible
TKT01226,email,The internet speed is slow and customer care is not helping. Please respond as soon as possible.,negative,17,1,17,the internet speed is slow and customer care is not helping please respond as soon as possible
TKT01227,social,Can you share the status of my account request?,neutral,9,0,9,can you share the status of my account request
TKT01228,app,I have raised multiple tickets but nobody has fixed the problem.,negative,11,1,11,i have raised multiple tickets but nobody has fixed the problem
TKT01229,email,I want to understand the warranty terms for this product.,neutral,10,0,10,i want to understand the warranty terms for this product
TKT01230,email,Can you share the status of my subscription request? My ticket number is 84792.,neutral,14,0,14,can you share the status of my subscription request my ticket number is 
TKT01231,social,The delivery was late and the package arrived damaged. My ticket number is 88644.,negative,14,0,14,the delivery was late and the package arrived damaged my ticket number is 
TKT01232,phone,Please provide the steps to activate payment.,neutral,7,0,7,please provide the steps to activate payment
TKT01233,app,I am checking if there is any scheduled maintenance today. My ticket number is 50162.,neutral,15,0,15,i am checking if there is any scheduled maintenance today my ticket number is 
TKT01234,app,Great service and clear communication from the support team. My ticket number is 70497.,positive,14,0,14,great service and clear communication from the support team my ticket number is 
TKT01235,phone,Please provide the steps to activate login.,neutral,7,0,7,please provide the steps to activate login
TKT01236,chat,The installation was completed on time and everything works perfectly. I appreciate the quick response.,positive,15,0,15,the installation was completed on time and everything works perfectly i appreciate the quick response
TKT01237,phone,I like the new tracking and it is easy to use.,positive,11,0,11,i like the new tracking and it is easy to use
TKT01238,chat,I am satisfied with the plan and would recommend it to others.,positive,12,0,12,i am satisfied with the plan and would recommend it to others
TKT01239,phone,I am very unhappy because my order has not worked since last week.,negative,13,1,13,i am very unhappy because my order has not worked since last week
TKT01240,app,I am checking if there is any scheduled maintenance today. Please respond as soon as possible.,neutral,16,1,16,i am checking if there is any scheduled maintenance today please respond as soon as possible
TKT01241,chat,Great service and clear communication from the support team.,positive,9,0,9,great service and clear communication from the support team
TKT01242,chat,The app crashes whenever I try to use analytics. My ticket number is 98106. Please respond as soon as possible.,negative,20,1,20,the app crashes whenever i try to use analytics my ticket number is  please respond as soon as possible
TKT01243,app,The app experience is smooth and reliable.,positive,7,0,7,the app experience is smooth and reliable
TKT01244,email,I am checking if there is any scheduled maintenance today. My ticket number is 36680.,neutral,15,0,15,i am checking if there is any scheduled maintenance today my ticket number is 
TKT01245,app,I need information about the payment process. Please respond as soon as possible.,neutral,13,1,13,i need information about the payment process please respond as soon as possible
TKT01246,social,Great service and clear communication from the support team.,positive,9,0,9,great service and clear communication from the support team
TKT01247,social,Please tell me how to update my account details.,neutral,9,0,9,please tell me how to update my account details
TKT01248,app,The account is working well and I am happy with the service.,positive,12,0,12,the account is working well and i am happy with the service
TKT01249,chat,My refund is still pending and this experience is frustrating.,negative,10,1,10,my refund is still pending and this experience is frustrating
TKT01250,social,Your support team resolved my issue quickly. Thank you.,positive,9,0,9,your support team resolved my issue quickly thank you
TKT01251,chat,The subscription is working well and I am happy with the service. My ticket number is 43842.,positive,17,0,17,the subscription is working well and i am happy with the service my ticket number is 
TKT01252,chat,The product quality is bad and I regret purchasing it. My ticket number is 89726.,negative,15,0,15,the product quality is bad and i regret purchasing it my ticket number is 
TKT01253,chat,The router is working well and I am happy with the service. I appreciate the quick response.,positive,17,0,17,the router is working well and i am happy with the service i appreciate the quick response
TKT01254,phone,The account keeps failing and support has not resolved my issue. My ticket number is 20990.,negative,16,0,16,the account keeps failing and support has not resolved my issue my ticket number is 
TKT01255,app,I am very unhappy because my router has not worked since last week. My ticket number is 17718.,negative,18,1,18,i am very unhappy because my router has not worked since last week my ticket number is 
TKT01256,phone,I would like to know more about the available plans.,neutral,10,0,10,i would like to know more about the available plans
TKT01257,app,Can you confirm whether my ticket has been assigned?,neutral,9,0,9,can you confirm whether my ticket has been assigned
TKT01258,social,I have raised multiple tickets but nobody has fixed the problem.,negative,11,1,11,i have raised multiple tickets but nobody has fixed the problem
TKT01259,email,Billing is incorrect and I was charged twice this month. My ticket number is 50211.,negative,15,0,15,billing is incorrect and i was charged twice this month my ticket number is 
TKT01260,social,The dashboard keeps failing and support has not resolved my issue. My ticket number is 17716.,negative,16,0,16,the dashboard keeps failing and support has not resolved my issue my ticket number is 
TKT01261,social,Please tell me how to update my account details. Please respond as soon as possible.,neutral,15,1,15,please tell me how to update my account details please respond as soon as possible
TKT01262,app,The delivery was smooth and the product quality is excellent.,positive,10,0,10,the delivery was smooth and the product quality is excellent
TKT01263,app,The installation was completed on time and everything works perfectly.,positive,10,0,10,the installation was completed on time and everything works perfectly
TKT01264,phone,I would like to know more about the available plans. Please respond as soon as possible.,neutral,16,1,16,i would like to know more about the available plans please respond as soon as possible
TKT01265,app,Please tell me how to update my account details. My ticket number is 13998. Please respond as soon as possible.,neutral,20,1,20,please tell me how to update my account details my ticket number is  please respond as soon as possible
TKT01266,email,The response from the team was helpful and professional. My ticket number is 35083.,positive,14,0,14,the response from the team was helpful and professional my ticket number is 
TKT01267,email,The app crashes whenever I try to use analytics. My ticket number is 15858.,negative,14,0,14,the app crashes whenever i try to use analytics my ticket number is 
TKT01268,chat,The delivery was smooth and the product quality is excellent. My ticket number is 82406. I appreciate the quick response.,positive,20,0,20,the delivery was smooth and the product quality is excellent my ticket number is  i appreciate the quick response
TKT01269,phone,Billing is incorrect and I was charged twice this month. My ticket number is 62315.,negative,15,0,15,billing is incorrect and i was charged twice this month my ticket number is 
TKT01270,phone,The product quality is bad and I regret purchasing it.,negative,10,0,10,the product quality is bad and i regret purchasing it
TKT01271,phone,Can you confirm whether my ticket has been assigned?,neutral,9,0,9,can you confirm whether my ticket has been assigned
TKT01272,app,Please tell me how to update my account details.,neutral,9,0,9,please tell me how to update my account details
TKT01273,chat,The product quality is bad and I regret purchasing it.,negative,10,1,10,the product quality is bad and i regret purchasing it
TKT01274,social,The delivery was smooth and the product quality is excellent.,positive,10,0,10,the delivery was smooth and the product quality is excellent
TKT01275,social,Can you confirm whether my ticket has been assigned? Please respond as soon as possible.,neutral,15,1,15,can you confirm whether my ticket has been assigned please respond as soon as possible
TKT01276,social,I need information about the payment process. My ticket number is 43600.,neutral,12,0,12,i need information about the payment process my ticket number is 
TKT01277,email,I want to understand the warranty terms for this product. My ticket number is 19623.,neutral,15,0,15,i want to understand the warranty terms for this product my ticket number is 
TKT01278,email,The product quality is bad and I regret purchasing it. My ticket number is 26796.,negative,15,0,15,the product quality is bad and i regret purchasing it my ticket number is 
TKT01279,chat,The refund process was fast and convenient.,positive,7,0,7,the refund process was fast and convenient
TKT01280,social,Billing is incorrect and I was charged twice this month. My ticket number is 76916.,negative,15,1,15,billing is incorrect and i was charged twice this month my ticket number is 
TKT01281,social,The refund process was fast and convenient. I appreciate the quick response.,positive,12,0,12,the refund process was fast and convenient i appreciate the quick response
TKT01282,phone,Please tell me how to update my account details. Please respond as soon as possible.,neutral,15,1,15,please tell me how to update my account details please respond as soon as possible
TKT01283,app,Billing is incorrect and I was charged twice this month.,negative,10,0,10,billing is incorrect and i was charged twice this month
TKT01284,app,The app experience is smooth and reliable.,positive,7,0,7,the app experience is smooth and reliable
TKT01285,chat,The response from the team was helpful and professional. My ticket number is 40284.,positive,14,0,14,the response from the team was helpful and professional my ticket number is 
TKT01286,social,The internet speed is slow and customer care is not helping. Please respond as soon as possible.,negative,17,1,17,the internet speed is slow and customer care is not helping please respond as soon as possible
TKT01287,phone,The app experience is smooth and reliable. My ticket number is 99893. I appreciate the quick response.,positive,17,0,17,the app experience is smooth and reliable my ticket number is  i appreciate the quick response
TKT01288,email,The refund process was fast and convenient. I appreciate the quick response.,positive,12,0,12,the refund process was fast and convenient i appreciate the quick response
TKT01289,app,The installation was completed on time and everything works perfectly.,positive,10,0,10,the installation was completed on time and everything works perfectly
TKT01290,social,The app crashes whenever I try to use notifications. My ticket number is 24626.,negative,14,1,14,the app crashes whenever i try to use notifications my ticket number is 
TKT01291,email,Can you share the status of my subscription request?,neutral,9,0,9,can you share the status of my subscription request
TKT01292,app,The refund process was fast and convenient.,positive,7,0,7,the refund process was fast and convenient
TKT01293,chat,Please tell me how to update my account details. My ticket number is 46800.,neutral,14,0,14,please tell me how to update my account details my ticket number is 
TKT01294,social,The product quality is bad and I regret purchasing it. Please respond as soon as possible.,negative,16,1,16,the product quality is bad and i regret purchasing it please respond as soon as possible
TKT01295,chat,The refund process was fast and convenient.,positive,7,0,7,the refund process was fast and convenient
TKT01296,social,I have raised multiple tickets but nobody has fixed the problem.,negative,11,1,11,i have raised multiple tickets but nobody has fixed the problem
TKT01297,phone,I am checking if there is any scheduled maintenance today. My ticket number is 64634.,neutral,15,0,15,i am checking if there is any scheduled maintenance today my ticket number is 
TKT01298,app,I want to cancel because the service quality is poor and unreliable.,negative,12,1,12,i want to cancel because the service quality is poor and unreliable
TKT01299,app,Please tell me how to update my account details.,neutral,9,0,9,please tell me how to update my account details
TKT01300,phone,The response from the team was helpful and professional.,positive,9,0,9,the response from the team was helpful and professional
TKT01301,phone,Please tell me how to update my account details.,neutral,9,0,9,please tell me how to update my account details
TKT01302,social,I like the new login and it is easy to use.,positive,11,0,11,i like the new login and it is easy to use
TKT01303,social,I want to cancel because the service quality is poor and unreliable. My ticket number is 89605.,negative,17,0,17,i want to cancel because the service quality is poor and unreliable my ticket number is 
TKT01304,phone,Billing is incorrect and I was charged twice this month.,negative,10,0,10,billing is incorrect and i was charged twice this month
TKT01305,phone,The product quality is bad and I regret purchasing it.,negative,10,1,10,the product quality is bad and i regret purchasing it
TKT01306,social,I have raised multiple tickets but nobody has fixed the problem.,negative,11,1,11,i have raised multiple tickets but nobody has fixed the problem
TKT01307,phone,The delivery was late and the package arrived damaged.,negative,9,1,9,the delivery was late and the package arrived damaged
TKT01308,phone,Can you share the status of my service plan request?,neutral,10,0,10,can you share the status of my service plan request
TKT01309,email,I need information about the payment process.,neutral,7,0,7,i need information about the payment process
TKT01310,email,Billing is incorrect and I was charged twice this month.,negative,10,0,10,billing is incorrect and i was charged twice this month
TKT01311,email,I need information about the payment process. My ticket number is 87822.,neutral,12,0,12,i need information about the payment process my ticket number is 
TKT01312,chat,The router is working well and I am happy with the service.,positive,12,0,12,the router is working well and i am happy with the service
TKT01313,social,The installation was completed on time and everything works perfectly.,positive,10,0,10,the installation was completed on time and everything works perfectly
TKT01314,phone,Please tell me how to update my account details.,neutral,9,0,9,please tell me how to update my account details
TKT01315,app,The app crashes whenever I try to use report download. My ticket number is 79988.,negative,15,0,15,the app crashes whenever i try to use report download my ticket number is 
TKT01316,email,The app crashes whenever I try to use video call.,negative,10,1,10,the app crashes whenever i try to use video call
TKT01317,social,The installation was completed on time and everything works perfectly. My ticket number is 73936.,positive,15,0,15,the installation was completed on time and everything works perfectly my ticket number is 
TKT01318,phone,Billing is incorrect and I was charged twice this month.,negative,10,0,10,billing is incorrect and i was charged twice this month
TKT01319,phone,I would like to know more about the available plans. My ticket number is 95878.,neutral,15,0,15,i would like to know more about the available plans my ticket number is 
TKT01320,app,Can you confirm whether my ticket has been assigned? My ticket number is 87712.,neutral,14,0,14,can you confirm whether my ticket has been assigned my ticket number is 
TKT01321,chat,I would like to know more about the available plans.,neutral,10,0,10,i would like to know more about the available plans
TKT01322,chat,Your support team resolved my issue quickly. Thank you. I appreciate the quick response.,positive,14,0,14,your support team resolved my issue quickly thank you i appreciate the quick response
TKT01323,app,Can you confirm whether my ticket has been assigned? My ticket number is 13329. Please respond as soon as possible.,neutral,20,1,20,can you confirm whether my ticket has been assigned my ticket number is  please respond as soon as possible
TKT01324,email,The service plan keeps failing and support has not resolved my issue.,negative,12,1,12,the service plan keeps failing and support has not resolved my issue
TKT01325,email,Can you share the status of my dashboard request?,neutral,9,0,9,can you share the status of my dashboard request
TKT01326,chat,Please provide the steps to activate notifications.,neutral,7,0,7,please provide the steps to activate notifications
TKT01327,app,The app crashes whenever I try to use profile update.,negative,10,0,10,the app crashes whenever i try to use profile update
TKT01328,email,I need information about the payment process. Please respond as soon as possible.,neutral,13,1,13,i need information about the payment process please respond as soon as possible
TKT01329,phone,Please tell me how to update my account details.,neutral,9,0,9,please tell me how to update my account details
TKT01330,phone,I like the new payment and it is easy to use. My ticket number is 89115.,positive,16,0,16,i like the new payment and it is easy to use my ticket number is 
TKT01331,social,I have raised multiple tickets but nobody has fixed the problem.,negative,11,1,11,i have raised multiple tickets but nobody has fixed the problem
TKT01332,email,I would like to know more about the available plans.,neutral,10,0,10,i would like to know more about the available plans
TKT01333,chat,I am checking if there is any scheduled maintenance today.,neutral,10,0,10,i am checking if there is any scheduled maintenance today
TKT01334,chat,Can you share the status of my mobile app request?,neutral,10,0,10,can you share the status of my mobile app request
TKT01335,social,The app experience is smooth and reliable.,positive,7,0,7,the app experience is smooth and reliable
TKT01336,chat,I need help finding the invoice for my last order.,neutral,10,0,10,i need help finding the invoice for my last order
TKT01337,social,I want to cancel because the service quality is poor and unreliable. My ticket number is 24182.,negative,17,0,17,i want to cancel because the service quality is poor and unreliable my ticket number is 
TKT01338,app,Please tell me how to update my account details.,neutral,9,0,9,please tell me how to update my account details
TKT01339,phone,The response from the team was helpful and professional. My ticket number is 99973.,positive,14,0,14,the response from the team was helpful and professional my ticket number is 
TKT01340,email,The router keeps failing and support has not resolved my issue.,negative,11,0,11,the router keeps failing and support has not resolved my issue
TKT01341,social,The internet speed is slow and customer care is not helping. My ticket number is 37010.,negative,16,0,16,the internet speed is slow and customer care is not helping my ticket number is 
TKT01342,phone,The product quality is bad and I regret purchasing it.,negative,10,0,10,the product quality is bad and i regret purchasing it
TKT01343,social,Your support team resolved my issue quickly. Thank you. My ticket number is 19764.,positive,14,0,14,your support team resolved my issue quickly thank you my ticket number is 
TKT01344,app,The delivery was late and the package arrived damaged. Please respond as soon as possible.,negative,15,1,15,the delivery was late and the package arrived damaged please respond as soon as possible
TKT01345,phone,The delivery was late and the package arrived damaged. My ticket number is 73135.,negative,14,1,14,the delivery was late and the package arrived damaged my ticket number is 
TKT01346,email,I am checking if there is any scheduled maintenance today.,neutral,10,0,10,i am checking if there is any scheduled maintenance today
TKT01347,app,I like the new profile update and it is easy to use.,positive,12,0,12,i like the new profile update and it is easy to use
TKT01348,email,I am checking if there is any scheduled maintenance today.,neutral,10,0,10,i am checking if there is any scheduled maintenance today
TKT01349,chat,My refund is still pending and this experience is frustrating. My ticket number is 61109.,negative,15,1,15,my refund is still pending and this experience is frustrating my ticket number is 
TKT01350,app,The delivery was smooth and the product quality is excellent.,positive,10,0,10,the delivery was smooth and the product quality is excellent
TKT01351,chat,I would like to know more about the available plans.,neutral,10,0,10,i would like to know more about the available plans
TKT01352,app,Can you share the status of my dashboard request? My ticket number is 83997.,neutral,14,0,14,can you share the status of my dashboard request my ticket number is 
TKT01353,social,I need information about the payment process.,neutral,7,0,7,i need information about the payment process
TKT01354,app,Can you share the status of my router request? Please respond as soon as possible.,neutral,15,1,15,can you share the status of my router request please respond as soon as possible
TKT01355,phone,The delivery was smooth and the product quality is excellent. I appreciate the quick response.,positive,15,0,15,the delivery was smooth and the product quality is excellent i appreciate the quick response
TKT01356,chat,Your support team resolved my issue quickly. Thank you.,positive,9,0,9,your support team resolved my issue quickly thank you
TKT01357,email,Can you share the status of my mobile app request?,neutral,10,0,10,can you share the status of my mobile app request
TKT01358,social,Can someone explain the difference between the plans? Please respond as soon as possible.,neutral,14,1,14,can someone explain the difference between the plans please respond as soon as possible
TKT01359,app,The app crashes whenever I try to use analytics.,negative,9,1,9,the app crashes whenever i try to use analytics
TKT01360,chat,I need information about the payment process. My ticket number is 43255.,neutral,12,0,12,i need information about the payment process my ticket number is 
TKT01361,email,I am satisfied with the plan and would recommend it to others.,positive,12,0,12,i am satisfied with the plan and would recommend it to others
TKT01362,social,My refund is still pending and this experience is frustrating.,negative,10,0,10,my refund is still pending and this experience is frustrating
TKT01363,app,The installation was completed on time and everything works perfectly.,positive,10,0,10,the installation was completed on time and everything works perfectly
TKT01364,email,The internet speed is slow and customer care is not helping. My ticket number is 55272.,negative,16,0,16,the internet speed is slow and customer care is not helping my ticket number is 
TKT01365,email,The response from the team was helpful and professional.,positive,9,0,9,the response from the team was helpful and professional
TKT01366,app,Billing is incorrect and I was charged twice this month. Please respond as soon as possible.,negative,16,1,16,billing is incorrect and i was charged twice this month please respond as soon as possible
TKT01367,app,Can you confirm whether my ticket has been assigned?,neutral,9,0,9,can you confirm whether my ticket has been assigned
TKT01368,social,The dashboard is working well and I am happy with the service. My ticket number is 95990.,positive,17,0,17,the dashboard is working well and i am happy with the service my ticket number is 
TKT01369,chat,The app experience is smooth and reliable. I appreciate the quick response.,positive,12,0,12,the app experience is smooth and reliable i appreciate the quick response
TKT01370,phone,The product quality is bad and I regret purchasing it.,negative,10,0,10,the product quality is bad and i regret purchasing it
TKT01371,email,I am satisfied with the plan and would recommend it to others.,positive,12,0,12,i am satisfied with the plan and would recommend it to others
TKT01372,phone,I am checking if there is any scheduled maintenance today. My ticket number is 55146.,neutral,15,0,15,i am checking if there is any scheduled maintenance today my ticket number is 
TKT01373,phone,The delivery was smooth and the product quality is excellent.,positive,10,0,10,the delivery was smooth and the product quality is excellent
TKT01374,social,The response from the team was helpful and professional. My ticket number is 16714.,positive,14,0,14,the response from the team was helpful and professional my ticket number is 
TKT01375,phone,Can you confirm whether my ticket has been assigned?,neutral,9,0,9,can you confirm whether my ticket has been assigned
TKT01376,phone,Can someone explain the difference between the plans?,neutral,8,0,8,can someone explain the difference between the plans
TKT01377,app,Can you confirm whether my ticket has been assigned? My ticket number is 76515.,neutral,14,0,14,can you confirm whether my ticket has been assigned my ticket number is 
TKT01378,social,I want to understand the warranty terms for this product.,neutral,10,0,10,i want to understand the warranty terms for this product
TKT01379,social,Billing is incorrect and I was charged twice this month. My ticket number is 63708.,negative,15,0,15,billing is incorrect and i was charged twice this month my ticket number is 
TKT01380,chat,The app experience is smooth and reliable.,positive,7,0,7,the app experience is smooth and reliable
TKT01381,app,Please provide the steps to activate profile update.,neutral,8,0,8,please provide the steps to activate profile update
TKT01382,social,The subscription keeps failing and support has not resolved my issue. Please respond as soon as possible.,negative,17,1,17,the subscription keeps failing and support has not resolved my issue please respond as soon as possible
TKT01383,chat,Please tell me how to update my account details.,neutral,9,0,9,please tell me how to update my account details
TKT01384,social,I want to cancel because the service quality is poor and unreliable. My ticket number is 28756. Please respond as soon as possible.,negative,23,1,23,i want to cancel because the service quality is poor and unreliable my ticket number is  please respond as soon as possible
TKT01385,email,The response from the team was helpful and professional.,positive,9,0,9,the response from the team was helpful and professional
TKT01386,chat,The refund process was fast and convenient.,positive,7,0,7,the refund process was fast and convenient
TKT01387,social,The internet speed is slow and customer care is not helping. Please respond as soon as possible.,negative,17,1,17,the internet speed is slow and customer care is not helping please respond as soon as possible
TKT01388,social,The internet speed is slow and customer care is not helping.,negative,11,0,11,the internet speed is slow and customer care is not helping
TKT01389,social,My refund is still pending and this experience is frustrating. My ticket number is 85845.,negative,15,0,15,my refund is still pending and this experience is frustrating my ticket number is 
TKT01390,social,The response from the team was helpful and professional.,positive,9,0,9,the response from the team was helpful and professional
TKT01391,chat,I am satisfied with the plan and would recommend it to others.,positive,12,0,12,i am satisfied with the plan and would recommend it to others
TKT01392,social,Can you share the status of my service plan request?,neutral,10,0,10,can you share the status of my service plan request
TKT01393,chat,Please tell me how to update my account details. Please respond as soon as possible.,neutral,15,1,15,please tell me how to update my account details please respond as soon as possible
TKT01394,social,The app experience is smooth and reliable.,positive,7,0,7,the app experience is smooth and reliable
TKT01395,app,Please provide the steps to activate tracking.,neutral,7,0,7,please provide the steps to activate tracking
TKT01396,app,My refund is still pending and this experience is frustrating. My ticket number is 30644.,negative,15,0,15,my refund is still pending and this experience is frustrating my ticket number is 
TKT01397,chat,The service plan keeps failing and support has not resolved my issue. My ticket number is 65982. Please respond as soon as possible.,negative,23,1,23,the service plan keeps failing and support has not resolved my issue my ticket number is  please respond as soon as possible
TKT01398,chat,Great service and clear communication from the support team. My ticket number is 20299.,positive,14,0,14,great service and clear communication from the support team my ticket number is 
TKT01399,chat,Can you confirm whether my ticket has been assigned? Please respond as soon as possible.,neutral,15,1,15,can you confirm whether my ticket has been assigned please respond as soon as possible
TKT01400,phone,The router is working well and I am happy with the service. My ticket number is 45597. I appreciate the quick response.,positive,22,0,22,the router is working well and i am happy with the service my ticket number is  i appreciate the quick response
TKT01401,app,I need help finding the invoice for my last order.,neutral,10,0,10,i need help finding the invoice for my last order
TKT01402,app,The internet speed is slow and customer care is not helping.,negative,11,0,11,the internet speed is slow and customer care is not helping
TKT01403,social,I want to cancel because the service quality is poor and unreliable. My ticket number is 80065.,negative,17,1,17,i want to cancel because the service quality is poor and unreliable my ticket number is 
TKT01404,app,I like the new login and it is easy to use.,positive,11,0,11,i like the new login and it is easy to use
TKT01405,email,The delivery was late and the package arrived damaged. Please respond as soon as possible.,negative,15,1,15,the delivery was late and the package arrived damaged please respond as soon as possible
TKT01406,email,The response from the team was helpful and professional. My ticket number is 27639.,positive,14,0,14,the response from the team was helpful and professional my ticket number is 
TKT01407,phone,My refund is still pending and this experience is frustrating. Please respond as soon as possible.,negative,16,1,16,my refund is still pending and this experience is frustrating please respond as soon as possible
TKT01408,email,The dashboard keeps failing and support has not resolved my issue.,negative,11,0,11,the dashboard keeps failing and support has not resolved my issue
TKT01409,phone,I want to understand the warranty terms for this product. My ticket number is 83708. Please respond as soon as possible.,neutral,21,1,21,i want to understand the warranty terms for this product my ticket number is  please respond as soon as possible
TKT01410,app,The delivery was late and the package arrived damaged.,negative,9,0,9,the delivery was late and the package arrived damaged
TKT01411,phone,Can someone explain the difference between the plans?,neutral,8,0,8,can someone explain the difference between the plans
TKT01412,email,Your support team resolved my issue quickly. Thank you.,positive,9,0,9,your support team resolved my issue quickly thank you
TKT01413,email,I want to cancel because the service quality is poor and unreliable.,negative,12,0,12,i want to cancel because the service quality is poor and unreliable
TKT01414,social,The response from the team was helpful and professional.,positive,9,0,9,the response from the team was helpful and professional
TKT01415,email,Please provide the steps to activate notifications. My ticket number is 81488.,neutral,12,0,12,please provide the steps to activate notifications my ticket number is 
TKT01416,app,The product quality is bad and I regret purchasing it.,negative,10,0,10,the product quality is bad and i regret purchasing it
TKT01417,social,Can you confirm whether my ticket has been assigned? My ticket number is 54906.,neutral,14,0,14,can you confirm whether my ticket has been assigned my ticket number is 
TKT01418,app,Great service and clear communication from the support team.,positive,9,0,9,great service and clear communication from the support team
TKT01419,social,Billing is incorrect and I was charged twice this month.,negative,10,0,10,billing is incorrect and i was charged twice this month
TKT01420,chat,The insurance policy is working well and I am happy with the service.,positive,13,0,13,the insurance policy is working well and i am happy with the service
TKT01421,email,The product quality is bad and I regret purchasing it.,negative,10,1,10,the product quality is bad and i regret purchasing it
TKT01422,chat,I want to understand the warranty terms for this product.,neutral,10,0,10,i want to understand the warranty terms for this product
TKT01423,chat,Please tell me how to update my account details.,neutral,9,0,9,please tell me how to update my account details
TKT01424,phone,I need help finding the invoice for my last order.,neutral,10,0,10,i need help finding the invoice for my last order
TKT01425,email,The router is working well and I am happy with the service. I appreciate the quick response.,positive,17,0,17,the router is working well and i am happy with the service i appreciate the quick response
TKT01426,phone,The delivery was smooth and the product quality is excellent.,positive,10,0,10,the delivery was smooth and the product quality is excellent
TKT01427,chat,Can you share the status of my subscription request? My ticket number is 90003.,neutral,14,0,14,can you share the status of my subscription request my ticket number is 
TKT01428,chat,The installation was completed on time and everything works perfectly. My ticket number is 85393.,positive,15,0,15,the installation was completed on time and everything works perfectly my ticket number is 
TKT01429,email,I am satisfied with the plan and would recommend it to others.,positive,12,0,12,i am satisfied with the plan and would recommend it to others
TKT01430,phone,I like the new tracking and it is easy to use.,positive,11,0,11,i like the new tracking and it is easy to use
TKT01431,social,I need information about the payment process. My ticket number is 36580. Please respond as soon as possible.,neutral,18,1,18,i need information about the payment process my ticket number is  please respond as soon as possible
TKT01432,phone,I am very unhappy because my subscription has not worked since three days ago.,negative,14,0,14,i am very unhappy because my subscription has not worked since three days ago
TKT01433,phone,The internet speed is slow and customer care is not helping. My ticket number is 96331.,negative,16,0,16,the internet speed is slow and customer care is not helping my ticket number is 
TKT01434,email,The delivery was late and the package arrived damaged. Please respond as soon as possible.,negative,15,1,15,the delivery was late and the package arrived damaged please respond as soon as possible
TKT01435,chat,The app experience is smooth and reliable. My ticket number is 35749.,positive,12,0,12,the app experience is smooth and reliable my ticket number is 
TKT01436,social,Please provide the steps to activate analytics.,neutral,7,0,7,please provide the steps to activate analytics
TKT01437,chat,I am satisfied with the plan and would recommend it to others.,positive,12,0,12,i am satisfied with the plan and would recommend it to others
TKT01438,chat,My refund is still pending and this experience is frustrating. My ticket number is 73098.,negative,15,1,15,my refund is still pending and this experience is frustrating my ticket number is 
TKT01439,app,The delivery was late and the package arrived damaged. Please respond as soon as possible.,negative,15,1,15,the delivery was late and the package arrived damaged please respond as soon as possible
TKT01440,email,The order is working well and I am happy with the service. My ticket number is 41683.,positive,17,0,17,the order is working well and i am happy with the service my ticket number is 
TKT01441,app,The dashboard keeps failing and support has not resolved my issue. My ticket number is 27310.,negative,16,0,16,the dashboard keeps failing and support has not resolved my issue my ticket number is 
TKT01442,social,I am satisfied with the plan and would recommend it to others. I appreciate the quick response.,positive,17,0,17,i am satisfied with the plan and would recommend it to others i appreciate the quick response
TKT01443,phone,The response from the team was helpful and professional. My ticket number is 94886.,positive,14,0,14,the response from the team was helpful and professional my ticket number is 
TKT01444,phone,The refund process was fast and convenient. I appreciate the quick response.,positive,12,0,12,the refund process was fast and convenient i appreciate the quick response
TKT01445,app,The delivery was smooth and the product quality is excellent. I appreciate the quick response.,positive,15,0,15,the delivery was smooth and the product quality is excellent i appreciate the quick response
TKT01446,chat,Your support team resolved my issue quickly. Thank you.,positive,9,0,9,your support team resolved my issue quickly thank you
TKT01447,phone,The response from the team was helpful and professional.,positive,9,0,9,the response from the team was helpful and professional
TKT01448,chat,I want to understand the warranty terms for this product.,neutral,10,0,10,i want to understand the warranty terms for this product
TKT01449,app,My refund is still pending and this experience is frustrating. My ticket number is 66437. Please respond as soon as possible.,negative,21,1,21,my refund is still pending and this experience is frustrating my ticket number is  please respond as soon as possible
TKT01450,app,The order keeps failing and support has not resolved my issue. My ticket number is 11213.,negative,16,1,16,the order keeps failing and support has not resolved my issue my ticket number is 
TKT01451,app,I am satisfied with the plan and would recommend it to others. My ticket number is 89575.,positive,17,0,17,i am satisfied with the plan and would recommend it to others my ticket number is 
TKT01452,chat,I want to understand the warranty terms for this product.,neutral,10,0,10,i want to understand the warranty terms for this product
TKT01453,phone,Please provide the steps to activate login. My ticket number is 15784. Please respond as soon as possible.,neutral,18,1,18,please provide the steps to activate login my ticket number is  please respond as soon as possible
TKT01454,social,The refund process was fast and convenient.,positive,7,0,7,the refund process was fast and convenient
TKT01455,app,Can someone explain the difference between the plans? My ticket number is 61214.,neutral,13,0,13,can someone explain the difference between the plans my ticket number is 
TKT01456,phone,Great service and clear communication from the support team.,positive,9,0,9,great service and clear communication from the support team
TKT01457,app,The app crashes whenever I try to use login.,negative,9,1,9,the app crashes whenever i try to use login
TKT01458,chat,Great service and clear communication from the support team. My ticket number is 14492. I appreciate the quick response.,positive,19,0,19,great service and clear communication from the support team my ticket number is  i appreciate the quick response
TKT01459,app,The delivery was smooth and the product quality is excellent.,positive,10,0,10,the delivery was smooth and the product quality is excellent
TKT01460,email,Billing is incorrect and I was charged twice this month.,negative,10,0,10,billing is incorrect and i was charged twice this month
TKT01461,social,I like the new profile update and it is easy to use.,positive,12,0,12,i like the new profile update and it is easy to use
TKT01462,social,I need help finding the invoice for my last order.,neutral,10,0,10,i need help finding the invoice for my last order
TKT01463,app,The internet speed is slow and customer care is not helping.,negative,11,0,11,the internet speed is slow and customer care is not helping
TKT01464,app,Please provide the steps to activate notifications.,neutral,7,0,7,please provide the steps to activate notifications
TKT01465,social,Your support team resolved my issue quickly. Thank you.,positive,9,0,9,your support team resolved my issue quickly thank you
TKT01466,email,The refund process was fast and convenient. I appreciate the quick response.,positive,12,0,12,the refund process was fast and convenient i appreciate the quick response
TKT01467,social,The app experience is smooth and reliable. I appreciate the quick response.,positive,12,0,12,the app experience is smooth and reliable i appreciate the quick response
TKT01468,app,I am satisfied with the plan and would recommend it to others. My ticket number is 71567.,positive,17,0,17,i am satisfied with the plan and would recommend it to others my ticket number is 
TKT01469,email,The insurance policy is working well and I am happy with the service.,positive,13,0,13,the insurance policy is working well and i am happy with the service
TKT01470,email,Please tell me how to update my account details. My ticket number is 72978.,neutral,14,0,14,please tell me how to update my account details my ticket number is 
TKT01471,phone,The delivery was smooth and the product quality is excellent.,positive,10,0,10,the delivery was smooth and the product quality is excellent
TKT01472,email,I am very unhappy because my subscription has not worked since three days ago. Please respond as soon as possible.,negative,20,1,20,i am very unhappy because my subscription has not worked since three days ago please respond as soon as possible
TKT01473,social,I need help finding the invoice for my last order.,neutral,10,0,10,i need help finding the invoice for my last order
TKT01474,phone,Can you confirm whether my ticket has been assigned? My ticket number is 36502.,neutral,14,0,14,can you confirm whether my ticket has been assigned my ticket number is 
TKT01475,social,The delivery was late and the package arrived damaged.,negative,9,1,9,the delivery was late and the package arrived damaged
TKT01476,phone,The delivery was late and the package arrived damaged. My ticket number is 84467.,negative,14,0,14,the delivery was late and the package arrived damaged my ticket number is 
TKT01477,phone,The refund process was fast and convenient.,positive,7,0,7,the refund process was fast and convenient
TKT01478,app,The product quality is bad and I regret purchasing it.,negative,10,1,10,the product quality is bad and i regret purchasing it
TKT01479,app,I want to cancel because the service quality is poor and unreliable. My ticket number is 47613. Please respond as soon as possible.,negative,23,1,23,i want to cancel because the service quality is poor and unreliable my ticket number is  please respond as soon as possible
TKT01480,email,The app experience is smooth and reliable. My ticket number is 58360.,positive,12,0,12,the app experience is smooth and reliable my ticket number is 
TKT01481,social,Your support team resolved my issue quickly. Thank you. My ticket number is 62762.,positive,14,0,14,your support team resolved my issue quickly thank you my ticket number is 
TKT01482,phone,The delivery was smooth and the product quality is excellent.,positive,10,0,10,the delivery was smooth and the product quality is excellent
TKT01483,app,I need help finding the invoice for my last order.,neutral,10,0,10,i need help finding the invoice for my last order
TKT01484,phone,I want to understand the warranty terms for this product. My ticket number is 28972. Please respond as soon as possible.,neutral,21,1,21,i want to understand the warranty terms for this product my ticket number is  please respond as soon as possible
TKT01485,app,Please tell me how to update my account details.,neutral,9,0,9,please tell me how to update my account details
TKT01486,social,The account keeps failing and support has not resolved my issue. My ticket number is 19656.,negative,16,0,16,the account keeps failing and support has not resolved my issue my ticket number is 
TKT01487,social,I want to cancel because the service quality is poor and unreliable.,negative,12,0,12,i want to cancel because the service quality is poor and unreliable
TKT01488,email,The installation was completed on time and everything works perfectly. My ticket number is 44562.,positive,15,0,15,the installation was completed on time and everything works perfectly my ticket number is 
TKT01489,phone,The installation was completed on time and everything works perfectly.,positive,10,0,10,the installation was completed on time and everything works perfectly
TKT01490,chat,The refund process was fast and convenient.,positive,7,0,7,the refund process was fast and convenient
TKT01491,email,I am very unhappy because my insurance policy has not worked since yesterday. My ticket number is 35952.,negative,18,0,18,i am very unhappy because my insurance policy has not worked since yesterday my ticket number is 
TKT01492,email,Great service and clear communication from the support team.,positive,9,0,9,great service and clear communication from the support team
TKT01493,email,I need information about the payment process.,neutral,7,0,7,i need information about the payment process
TKT01494,app,The internet speed is slow and customer care is not helping. My ticket number is 46030.,negative,16,0,16,the internet speed is slow and customer care is not helping my ticket number is 
TKT01495,phone,Can you confirm whether my ticket has been assigned? My ticket number is 23705.,neutral,14,0,14,can you confirm whether my ticket has been assigned my ticket number is 
TKT01496,app,The refund process was fast and convenient. My ticket number is 29984.,positive,12,0,12,the refund process was fast and convenient my ticket number is 
TKT01497,social,Can you share the status of my service plan request? My ticket number is 68947.,neutral,15,0,15,can you share the status of my service plan request my ticket number is 
TKT01498,email,I need help finding the invoice for my last order.,neutral,10,0,10,i need help finding the invoice for my last order
TKT01499,phone,The refund process was fast and convenient.,positive,7,0,7,the refund process was fast and convenient
TKT01500,email,Billing is incorrect and I was charged twice this month.,negative,10,1,10,billing is incorrect and i was charged twice this month
